customerID,fecha_lote,gender,SeniorCitizen,Partner,Dependents,tenure,PhoneService,MultipleLines,InternetService,OnlineSecurity,OnlineBackup,DeviceProtection,TechSupport,StreamingTV,StreamingMovies,Contract,PaperlessBilling,PaymentMethod,MonthlyCharges,TotalCharges,BancoPago
RET-0001,2026-06-29,Male,1,No,Yes,41,No,No phone service,Fiber optic,Yes,Yes,No,No,Yes,Yes,Two year,Yes,Mailed check,49.37,2024.17,
RET-0002,2026-06-29,Female,1,Yes,Yes,36,Yes,No,DSL,No,No,Yes,No,No,Yes,Two year,No,Mailed check,38.46,1384.56,
RET-0003,2026-06-29,Male,0,Yes,No,44,Yes,No,No,No internet service,No internet service,No internet service,No internet service,No internet service,No internet service,Two year,No,Electronic check,40.36,1775.84,
RET-0004,2026-06-29,Male,0,Yes,Yes,32,Yes,Yes,No,No internet service,No internet service,No internet service,No internet service,No internet service,No internet service,One year,No,Electronic check,77.55,2481.6,
RET-0005,2026-06-29,Female,1,Yes,Yes,45,Yes,No,No,No internet service,No internet service,No internet service,No internet service,No internet service,No internet service,Two year,No,Electronic check,110.29,4963.05,
RET-0006,2026-06-29,Male,1,No,Yes,60,Yes,No,DSL,No,No,Yes,Yes,Yes,Yes,Two year,Yes,Mailed check,sin dato,3823.8,
RET-0007,2026-06-29,Male,0,Yes,Yes,46,No,No phone service,DSL,No,No,Yes,No,Yes,Yes,Month-to-month,Yes,Mailed check,87.19,4010.74,
RET-0008,2026-06-29,Male,0,Yes,No,17,Yes,Yes,Fiber optic,No,Yes,Yes,Yes,Yes,No,One year,No,Mailed check,84.61,1438.37,
RET-0009,2026-06-29,Female,0,Yes,Yes,0,Yes,No,DSL,No,No,Yes,Yes,Yes,No,Month-to-month,No,Credit card (automatic),49.13,0.0,
RET-0010,2026-06-29,Female,0,Yes,No,29,Yes,Yes,DSL,No,Yes,No,Yes,No,No,Two year,Yes,Mailed check,71.5,2073.5,
RET-0011,2026-06-29,Female,1,Yes,Yes,74,Yes,No,DSL,Yes,No,Yes,Yes,Yes,No,Two year,No,Credit card (automatic),62.2,4602.8,
RET-0012,2026-06-29,Female,0,No,No,27,No,No phone service,DSL,No,Yes,No,Yes,Yes,No,Month-to-month,No,Credit card (automatic),46.58,1257.66,
RET-0013,2026-06-29,Male,1,No,No,38,No,No phone service,DSL,Yes,No,No,No,No,No,One year,Yes,Mailed check,59.52,2261.76,
RET-0014,2026-06-29,Female,1,Yes,Yes,29,Yes,No,Fiber optic,Yes,Yes,Yes,Yes,No,Yes,Two year,No,Mailed check,92.41,2679.89,
RET-0015,2026-06-29,Male,0,No,No,21,Yes,Yes,No,No internet service,No internet service,No internet service,No internet service,No internet service,No internet service,One year,Yes,Electronic check,67.74,1422.54,
RET-0016,2026-06-29,Female,0,Yes,Yes,6,No,No phone service,No,No internet service,No internet service,No internet service,No internet service,No internet service,No internet service,Two year,Yes,Bank transfer (automatic),76.94,461.64,
RET-0017,2026-06-29,Female,0,Yes,No,0,Yes,No,Fiber optic,No,No,No,Yes,Yes,Yes,One year,Yes,Electronic check,52.55,0.0,
RET-0018,2026-06-29,Female,0,Yes,No,76,Yes,No,Fiber optic,Yes,No,No,No,Yes,No,Month-to-month,No,Credit card (automatic),64.73,4919.48,
RET-0019,2026-06-29,Male,1,Yes,Yes,6,No,No phone service,DSL,Yes,No,No,No,No,Yes,One year,No,Credit card (automatic),63.98,383.88,
RET-0020,2026-06-29,Male,0,Yes,Yes,49,No,No phone service,Fiber optic,Yes,No,No,No,Yes,No,Month-to-month,No,Electronic check,84.6,4145.4,
RET-0021,2026-06-29,Male,0,Yes,Yes,21,No,No phone service,DSL,Yes,No,Yes,No,No,Yes,Month-to-month,Yes,Mailed check,18.25,383.25,
RET-0022,2026-06-29,Male,1,Yes,Yes,50,Yes,Yes,DSL,No,No,Yes,No,Yes,Yes,One year,Yes,Mailed check,80.49,4024.5,
RET-0023,2026-06-29,Male,0,No,Yes,38,No,No phone service,No,No internet service,No internet service,No internet service,No internet service,No internet service,No internet service,Month-to-month,No,Electronic check,83.43,3170.34,
RET-0024,2026-06-29,Female,1,No,No,30,No,No phone service,Fiber optic,No,Yes,Yes,Yes,Yes,No,Month-to-month,No,Mailed check,61.89,1856.7,
RET-0025,2026-06-29,Male,0,No,No,31,No,No phone service,DSL,Yes,No,Yes,Yes,Yes,No,One year,No,Credit card (automatic),130.96,4059.76,
RET-0026,2026-06-29,Male,1,No,Yes,61,Yes,Yes,Fiber optic,No,Yes,Yes,Yes,Yes,No,One year,No,Mailed check,49.61,3026.21,
RET-0027,2026-06-29,Male,1,Yes,Yes,32,No,No phone service,DSL,No,Yes,No,No,Yes,No,Two year,Yes,Credit card (automatic),88.94,2846.08,
RET-0028,2026-06-29,Female,0,Yes,Yes,19,No,No phone service,Fiber optic,Yes,Yes,Yes,No,No,Yes,One year,No,Bank transfer (automatic),80.3,1525.7,
RET-0029,2026-06-29,Male,0,No,Yes,51,No,No phone service,No,No internet service,No internet service,No internet service,No internet service,No internet service,No internet service,Month-to-month,Yes,Mailed check,46.97,2395.47,
RET-0030,2026-06-29,Female,1,No,No,45,No,No phone service,Fiber optic,No,Yes,No,Yes,Yes,No,Month-to-month,No,Mailed check,43.14,1941.3,
RET-0031,2026-06-29,Male,0,Yes,Yes,8,No,No phone service,No,No internet service,No internet service,No internet service,No internet service,No internet service,No internet service,Two year,Yes,Bank transfer (automatic),34.01,272.08,
RET-0032,2026-06-29,Male,0,No,No,38,No,No phone service,DSL,No,No,Yes,No,No,No,Two year,Yes,Electronic check,66.21,2515.98,
RET-0033,2026-06-29,Female,0,No,Yes,50,Yes,No,DSL,No,Yes,No,No,Yes,No,One year,Yes,Bank transfer (automatic),18.25,912.5,
RET-0034,2026-06-29,Female,1,No,No,0,No,No phone service,Fiber optic,Yes,Yes,No,No,No,Yes,One year,No,Electronic check,77.54,0.0,
RET-0035,2026-06-29,Male,0,No,Yes,39,No,No phone service,No,No internet service,No internet service,No internet service,No internet service,No internet service,No internet service,One year,No,Mailed check,40.55,1581.45,
RET-0036,2026-06-29,Female,0,Yes,Yes,0,No,No phone service,DSL,Yes,No,Yes,No,Yes,No,Two year,Yes,Credit card (automatic),50.36,0.0,
RET-0037,2026-06-29,Male,0,No,No,57,Yes,No,Fiber optic,No,No,No,No,Yes,No,One year,Yes,Credit card (automatic),86.46,4928.22,
RET-0038,2026-06-29,Female,0,No,Yes,51,No,No phone service,DSL,Yes,No,No,Yes,Yes,Yes,Two year,No,Electronic check,62.3,3177.3,
RET-0039,2026-06-29,Female,0,Yes,Yes,17,Yes,No,Fiber optic,Yes,No,Yes,No,Yes,Yes,Month-to-month,No,Electronic check,60.42,1027.14,
RET-0040,2026-06-29,Female,0,No,No,35,No,No phone service,DSL,No,Yes,No,Yes,No,Yes,Month-to-month,Yes,Bank transfer (automatic),83.8,2933.0,
RET-0041,2026-06-29,Female,0,No,Yes,75,No,No phone service,Fiber optic,No,Yes,No,Yes,No,Yes,Two year,No,Bank transfer (automatic),89.15,6686.25,
RET-0042,2026-06-29,Male,0,No,Yes,39,Yes,No,DSL,No,Yes,No,Yes,Yes,No,Month-to-month,Yes,Mailed check,83.12,3241.68,
RET-0043,2026-06-29,Female,1,Yes,No,13,Yes,No,Fiber optic,Yes,No,Yes,Yes,Yes,No,Two year,No,Bank transfer (automatic),83.04,1079.52,
RET-0044,2026-06-29,Male,0,Yes,No,10,No,No phone service,DSL,No,No,No,No,Yes,No,Month-to-month,Yes,Credit card (automatic),97.84,978.4,
RET-0045,2026-06-29,Male,0,Yes,Yes,30,No,No phone service,DSL,Yes,Yes,Yes,Yes,No,Yes,One year,Yes,Credit card (automatic),98.33,2949.9,
RET-0046,2026-06-29,Male,0,No,No,2,Yes,No,DSL,No,Yes,No,No,Yes,Yes,One year,No,Mailed check,85.68,171.36,
RET-0047,2026-06-29,Female,0,Yes,No,16,No,No phone service,Fiber optic,Yes,Yes,Yes,Yes,Yes,Yes,Month-to-month,Yes,Mailed check,89.78,1436.48,
RET-0048,2026-06-29,Male,0,No,Yes,50,No,No phone service,Fiber optic,No,Yes,Yes,Yes,No,No,Month-to-month,No,Mailed check,52.51,2625.5,
RET-0049,2026-06-29,Female,1,Yes,Yes,4,Yes,Yes,DSL,No,No,Yes,Yes,No,Yes,Two year,No,Mailed check,94.8,379.2,
RET-0050,2026-06-29,Female,1,Yes,No,17,Yes,No,No,No internet service,No internet service,No internet service,No internet service,No internet service,No internet service,One year,No,Mailed check,53.59,911.03,
RET-0051,2026-07-06,Female,1,Yes,No,46,No,No phone service,Fiber optic,Yes,No,No,No,No,No,Two year,Yes,Bank transfer (automatic),40.41,1858.86,
RET-0052,2026-07-06,Female,1,Yes,Yes,28,Yes,No,Fiber optic,No,Yes,Yes,No,Yes,Yes,Month-to-month,Yes,Mailed check,70.74,1980.72,
RET-0053,2026-07-06,Female,0,No,Yes,34,No,No phone service,No,No internet service,No internet service,No internet service,No internet service,No internet service,No internet service,Month-to-month,No,Credit card (automatic),90.17,3065.78,
RET-0054,2026-07-06,Female,0,Yes,No,55,No,No phone service,Fiber optic,No,No,Yes,Yes,Yes,Yes,Month-to-month,Yes,Mailed check,105.62,5809.1,
RET-0055,2026-07-06,Female,0,Yes,Yes,30,No,No phone service,Fiber optic,No,Yes,Yes,No,Yes,Yes,Two year,No,Credit card (automatic),95.88,2876.4,
RET-0056,2026-07-06,Male,0,No,Yes,35,Yes,No,Fiber optic,Yes,Yes,Yes,No,No,No,Two year,Yes,Bank transfer (automatic),90.05,3151.75,
RET-0057,2026-07-06,Female,1,Yes,No,33,Yes,Yes,DSL,Yes,Yes,No,No,No,Yes,Two year,No,Electronic check,57.56,1899.48,
RET-0058,2026-07-06,Male,0,No,Yes,34,Yes,No,No,No internet service,No internet service,No internet service,No internet service,No internet service,No internet service,One year,Yes,Bank transfer (automatic),50.25,1708.5,
RET-0059,2026-07-06,Female,1,No,Yes,42,Yes,Yes,No,No internet service,No internet service,No internet service,No internet service,No internet service,No internet service,Month-to-month,Yes,Credit card (automatic),51.21,2150.82,
RET-0060,2026-07-06,Female,0,Yes,No,53,Yes,No,No,No internet service,No internet service,No internet service,No internet service,No internet service,No internet service,Month-to-month,Yes,Bank transfer (automatic),75.34,3993.02,
RET-0061,2026-07-06,Male,1,Yes,Yes,17,No,No phone service,No,No internet service,No internet service,No internet service,No internet service,No internet service,No internet service,Two year,No,Electronic check,80.06,1361.02,
RET-0062,2026-07-06,Male,0,Yes,No,42,Yes,No,DSL,Yes,Yes,No,No,Yes,Yes,One year,No,Credit card (automatic),54.21,2276.82,
RET-0063,2026-07-06,Female,1,Yes,No,9,Yes,No,No,No internet service,No internet service,No internet service,No internet service,No internet service,No internet service,Month-to-month,Yes,Mailed check,89.75,807.75,
RET-0064,2026-07-06,Female,1,No,Yes,41,Yes,No,DSL,Yes,No,No,Yes,Yes,No,One year,No,Bank transfer (automatic),32.34,1325.94,
RET-0065,2026-07-06,Female,0,Yes,No,7,Yes,Yes,No,No internet service,No internet service,No internet service,No internet service,No internet service,No internet service,Month-to-month,Yes,Electronic check,61.83,432.81,
RET-0066,2026-07-06,Female,1,Yes,No,45,No,No phone service,Fiber optic,Yes,Yes,Yes,Yes,Yes,Yes,One year,No,Electronic check,41.44,1864.8,
RET-0067,2026-07-06,Female,1,No,Yes,16,Yes,No,No,No internet service,No internet service,No internet service,No internet service,No internet service,No internet service,Two year,No,Mailed check,57.02,912.32,
RET-0068,2026-07-06,Female,0,Yes,No,34,No,No phone service,Fiber optic,Yes,No,Yes,No,Yes,No,Month-to-month,No,Electronic check,73.28,2491.52,
RET-0069,2026-07-06,Female,0,No,Yes,26,No,No phone service,Fiber optic,Yes,No,No,Yes,No,No,Two year,No,Mailed check,110.62,2876.12,
RET-0070,2026-07-06,Female,0,No,Yes,70,No,No phone service,DSL,Yes,Yes,No,No,No,No,One year,Yes,Bank transfer (automatic),29.1,2037.0,
RET-0071,2026-07-06,Female,1,Yes,No,16,No,No phone service,Fiber optic,Yes,No,No,No,No,Yes,Month-to-month,No,Electronic check,94.77,1516.32,
RET-0072,2026-07-06,Male,1,Yes,Yes,41,No,No phone service,Fiber optic,No,Yes,No,No,No,Yes,Month-to-month,No,Mailed check,80.71,3309.11,
RET-0073,2026-07-06,Female,0,No,No,69,No,No phone service,DSL,No,No,Yes,Yes,No,No,Two year,Yes,Credit card (automatic),52.18,3600.42,
RET-0074,2026-07-06,Female,0,Yes,No,70,Yes,No,No,No internet service,No internet service,No internet service,No internet service,No internet service,No internet service,Month-to-month,No,Credit card (automatic),61.02,4271.4,
RET-0075,2026-07-06,Male,1,Yes,No,20,No,No phone service,No,No internet service,No internet service,No internet service,No internet service,No internet service,No internet service,Month-to-month,Yes,Mailed check,43.21,864.2,
RET-0076,2026-07-06,Female,0,No,No,34,No,No phone service,No,No internet service,No internet service,No internet service,No internet service,No internet service,No internet service,Two year,No,Mailed check,69.39,2359.26,
RET-0077,2026-07-06,Female,0,Yes,No,31,Yes,Yes,No,No internet service,No internet service,No internet service,No internet service,No internet service,No internet service,One year,Yes,Electronic check,50.09,1552.79,
RET-0078,2026-07-06,Female,0,No,Yes,29,No,No phone service,No,No internet service,No internet service,No internet service,No internet service,No internet service,No internet service,Month-to-month,No,Mailed check,34.45,999.05,
RET-0079,2026-07-06,Female,0,Yes,Yes,45,Yes,No,Fiber optic,Yes,No,No,Yes,Yes,Yes,Month-to-month,No,Credit card (automatic),48.94,2202.3,
RET-0080,2026-07-06,Female,0,No,Yes,56,Yes,Yes,DSL,No,No,Yes,No,Yes,No,Two year,Yes,Electronic check,105.66,5916.96,
RET-0081,2026-07-06,Female,0,Yes,Yes,26,Yes,No,DSL,Yes,No,Yes,No,No,No,Two year,Yes,Electronic check,43.49,1130.74,
RET-0082,2026-07-06,Male,0,No,No,0,No,No phone service,Fiber optic,No,No,No,No,No,No,Month-to-month,No,Mailed check,99.84,0.0,
RET-0083,2026-07-06,Male,0,Yes,Yes,36,No,No phone service,Fiber optic,Yes,No,No,Yes,No,Yes,Month-to-month,No,Mailed check,73.24,2636.64,
RET-0084,2026-07-06,Male,0,No,No,0,Yes,No,Fiber optic,Yes,No,No,Yes,No,Yes,Two year,No,Bank transfer (automatic),47.63,0.0,
RET-0085,2026-07-06,Male,0,No,No,30,Yes,Yes,Fiber optic,Yes,No,No,No,No,No,Two year,Yes,Electronic check,64.13,1923.9,
RET-0086,2026-07-06,Female,0,No,No,61,Yes,No,No,No internet service,No internet service,No internet service,No internet service,No internet service,No internet service,Two year,No,Electronic check,73.3,4471.3,
RET-0087,2026-07-06,Male,0,Yes,No,66,No,No phone service,Fiber optic,No,Yes,Yes,Yes,No,No,Two year,No,Mailed check,54.79,3616.14,
RET-0088,2026-07-06,Female,0,Yes,No,38,Yes,Yes,No,No internet service,No internet service,No internet service,No internet service,No internet service,No internet service,Two year,Yes,Credit card (automatic),87.79,3336.02,
RET-0089,2026-07-06,Male,1,Yes,No,10,No,No phone service,DSL,Yes,No,No,Yes,Yes,Yes,Two year,No,Bank transfer (automatic),124.64,1246.4,
RET-0090,2026-07-06,Male,0,Yes,Yes,52,Yes,Yes,No,No internet service,No internet service,No internet service,No internet service,No internet service,No internet service,Two year,No,Bank transfer (automatic),63.77,3316.04,
RET-0091,2026-07-06,Male,0,No,No,17,Yes,Yes,Fiber optic,Yes,Yes,No,No,No,No,One year,No,Electronic check,99.71,1695.07,
RET-0092,2026-07-06,Male,1,Yes,No,29,Yes,No,DSL,Yes,No,Yes,No,Yes,No,One year,No,Bank transfer (automatic),43.69,1267.01,
RET-0093,2026-07-06,Female,1,No,No,23,No,No phone service,Fiber optic,No,Yes,Yes,Yes,No,Yes,Month-to-month,No,Mailed check,22.52,sin dato,
RET-0094,2026-07-06,Female,0,No,No,49,No,No phone service,No,No internet service,No internet service,No internet service,No internet service,No internet service,No internet service,One year,Yes,Electronic check,18.25,894.25,
RET-0095,2026-07-06,Female,0,Yes,No,36,No,No phone service,DSL,No,Yes,No,Yes,Yes,Yes,Month-to-month,No,Credit card (automatic),102.08,3674.88,
RET-0096,2026-07-13,Male,0,No,Yes,49,No,No phone service,No,No internet service,No internet service,No internet service,No internet service,No internet service,No internet service,Month-to-month,No,Electronic check,87.92,4308.08,
RET-0097,2026-07-13,Male,0,No,No,35,Yes,Yes,No,No internet service,No internet service,No internet service,No internet service,No internet service,No internet service,Month-to-month,No,Bank transfer (automatic),109.05,3816.75,
RET-0098,2026-07-13,Female,0,No,Yes,62,No,No phone service,DSL,Yes,Yes,Yes,No,Yes,No,Two year,Yes,Mailed check,32.17,1994.54,
RET-0099,2026-07-13,Male,0,No,Yes,0,No,No phone service,Fiber optic,No,No,No,Yes,Yes,Yes,One year,No,Bank transfer (automatic),51.12,0.0,
RET-0100,2026-07-13,Female,0,Yes,No,64,No,No phone service,No,No internet service,No internet service,No internet service,No internet service,No internet service,No internet service,Two year,Yes,Bank transfer (automatic),91.78,5873.92,
RET-0101,2026-07-13,Male,1,Yes,No,35,No,No phone service,Fiber optic,No,Yes,Yes,No,Yes,No,Two year,No,Credit card (automatic),78.36,2742.6,
RET-0102,2026-07-13,Male,0,No,No,9,Yes,No,DSL,No,Yes,No,Yes,Yes,No,Month-to-month,No,Electronic check,65.34,588.06,
RET-0103,2026-07-13,Female,0,Yes,No,40,Yes,Yes,Fiber optic,Yes,Yes,No,No,No,Yes,Month-to-month,Yes,Electronic check,22.88,915.2,
RET-0104,2026-07-13,Male,0,Yes,Yes,17,No,No phone service,DSL,No,No,Yes,Yes,Yes,No,One year,Yes,Electronic check,18.25,310.25,
RET-0105,2026-07-13,Female,1,No,No,28,Yes,Yes,DSL,Yes,No,Yes,Yes,No,Yes,Two year,No,Credit card (automatic),66.11,1851.08,
RET-0106,2026-07-13,Female,0,No,Yes,14,No,No phone service,No,No internet service,No internet service,No internet service,No internet service,No internet service,No internet service,Two year,No,Credit card (automatic),47.05,658.7,
RET-0107,2026-07-13,Male,0,No,No,67,Yes,No,Fiber optic,No,Yes,Yes,Yes,Yes,No,Two year,Yes,Credit card (automatic),86.85,5818.95,
RET-0108,2026-07-13,Female,0,Yes,Yes,16,No,No phone service,No,No internet service,No internet service,No internet service,No internet service,No internet service,No internet service,Month-to-month,Yes,Bank transfer (automatic),56.19,899.04,
RET-0109,2026-07-13,Female,0,No,No,35,No,No phone service,No,No internet service,No internet service,No internet service,No internet service,No internet service,No internet service,Month-to-month,Yes,Bank transfer (automatic),25.19,881.65,
RET-0110,2026-07-13,Female,0,Yes,No,27,No,No phone service,DSL,Yes,Yes,Yes,Yes,No,No,Month-to-month,No,Electronic check,102.4,2764.8,
RET-0111,2026-07-13,Female,0,Yes,Yes,26,Yes,Yes,Fiber optic,No,Yes,Yes,Yes,Yes,No,One year,No,Bank transfer (automatic),39.28,1021.28,
RET-0112,2026-07-13,Female,0,Yes,No,23,Yes,No,DSL,Yes,Yes,No,Yes,No,Yes,Month-to-month,No,Electronic check,73.47,1689.81,
RET-0113,2026-07-13,Female,0,No,No,27,Yes,Yes,No,No internet service,No internet service,No internet service,No internet service,No internet service,No internet service,Month-to-month,Yes,Mailed check,90.68,2448.36,
RET-0114,2026-07-13,Male,0,No,Yes,67,Yes,Yes,DSL,No,Yes,No,No,No,Yes,One year,No,Mailed check,18.25,,
RET-0115,2026-07-13,Female,0,Yes,Yes,15,Yes,Yes,Fiber optic,No,No,No,Yes,No,Yes,Month-to-month,No,Mailed check,60.36,905.4,
RET-0116,2026-07-13,Male,0,Yes,Yes,50,No,No phone service,No,No internet service,No internet service,No internet service,No internet service,No internet service,No internet service,Two year,Yes,Mailed check,68.44,3422.0,
RET-0117,2026-07-13,Male,1,Yes,No,52,No,No phone service,DSL,Yes,No,No,Yes,No,Yes,Month-to-month,No,Credit card (automatic),98.97,5146.44,
RET-0118,2026-07-13,Female,0,Yes,Yes,41,No,No phone service,DSL,No,Yes,Yes,Yes,Yes,Yes,Two year,No,Bank transfer (automatic),80.81,3313.21,
RET-0119,2026-07-13,Male,0,No,Yes,58,Yes,Yes,No,No internet service,No internet service,No internet service,No internet service,No internet service,No internet service,One year,No,Electronic check,113.24,6567.92,
RET-0120,2026-07-13,Male,0,Yes,No,45,No,No phone service,No,No internet service,No internet service,No internet service,No internet service,No internet service,No internet service,One year,No,Mailed check,75.27,3387.15,
RET-0121,2026-07-13,Male,0,Yes,Yes,47,No,No phone service,Fiber optic,Yes,No,Yes,Yes,Yes,Yes,One year,No,Credit card (automatic),91.87,4317.89,
RET-0122,2026-07-13,Female,0,No,Yes,26,No,No phone service,DSL,No,Yes,No,No,No,No,One year,No,Bank transfer (automatic),80.01,2080.26,
RET-0123,2026-07-13,Male,1,Yes,No,0,Yes,No,No,No internet service,No internet service,No internet service,No internet service,No internet service,No internet service,Two year,Yes,Bank transfer (automatic),39.38,0.0,
RET-0124,2026-07-13,Female,1,No,No,58,No,No phone service,DSL,No,Yes,Yes,No,No,No,Month-to-month,Yes,Electronic check,97.03,5627.74,
RET-0125,2026-07-13,Female,0,Yes,No,32,No,No phone service,Fiber optic,No,Yes,Yes,No,No,Yes,One year,No,Electronic check,74.32,2378.24,
RET-0126,2026-07-13,Male,0,No,Yes,14,No,No phone service,No,No internet service,No internet service,No internet service,No internet service,No internet service,No internet service,Month-to-month,No,Mailed check,28.14,393.96,
RET-0127,2026-07-13,Male,0,Yes,No,57,Yes,No,DSL,No,No,No,Yes,No,Yes,Two year,Yes,Credit card (automatic),69.96,3987.72,
RET-0128,2026-07-13,Male,1,No,Yes,51,No,No phone service,Fiber optic,Yes,Yes,No,Yes,Yes,Yes,Two year,Yes,Credit card (automatic),36.94,1883.94,
RET-0129,2026-07-13,Female,0,Yes,No,44,No,No phone service,Fiber optic,No,No,Yes,No,Yes,No,Month-to-month,No,Bank transfer (automatic),104.96,4618.24,
RET-0130,2026-07-13,Female,0,No,Yes,32,Yes,No,DSL,Yes,No,No,No,Yes,No,Month-to-month,No,Mailed check,41.99,1343.68,
RET-0131,2026-07-13,Female,0,Yes,Yes,12,Yes,Yes,DSL,Yes,Yes,Yes,No,No,No,Two year,Yes,Bank transfer (automatic),69.49,833.88,
RET-0132,2026-07-13,Male,0,No,No,51,Yes,No,Fiber optic,Yes,No,No,Yes,No,Yes,Two year,No,Electronic check,86.0,4386.0,
RET-0133,2026-07-13,Male,0,Yes,No,15,Yes,No,No,No internet service,No internet service,No internet service,No internet service,No internet service,No internet service,Two year,Yes,Credit card (automatic),51.74,776.1,
RET-0134,2026-07-13,Female,0,Yes,No,28,Yes,No,DSL,Yes,No,No,Yes,No,No,One year,Yes,Mailed check,25.97,727.16,
RET-0135,2026-07-13,Female,0,Yes,No,61,No,No phone service,Fiber optic,Yes,No,No,Yes,No,Yes,Two year,Yes,Credit card (automatic),90.84,5541.24,
RET-0136,2026-07-13,Female,0,No,No,3,No,No phone service,No,No internet service,No internet service,No internet service,No internet service,No internet service,No internet service,Month-to-month,No,Electronic check,101.15,303.45,
RET-0137,2026-07-13,Female,1,No,No,43,Yes,No,No,No internet service,No internet service,No internet service,No internet service,No internet service,No internet service,Two year,Yes,Bank transfer (automatic),39.21,1686.03,
RET-0138,2026-07-13,Female,0,No,No,29,No,No phone service,DSL,No,No,Yes,Yes,Yes,No,One year,No,Credit card (automatic),64.44,1868.76,
RET-0139,2026-07-13,Male,1,No,Yes,36,No,No phone service,Fiber optic,No,Yes,No,No,No,Yes,One year,Yes,Bank transfer (automatic),66.1,2379.6,
RET-0140,2026-07-13,Male,0,No,Yes,30,Yes,No,DSL,No,No,Yes,No,No,Yes,One year,No,Electronic check,59.49,1784.7,
RET-0141,2026-07-13,Female,0,Yes,Yes,19,Yes,No,Fiber optic,No,No,Yes,No,Yes,No,One year,Yes,Credit card (automatic),49.01,931.19,
RET-0142,2026-07-13,Male,0,Yes,No,32,Yes,No,No,No internet service,No internet service,No internet service,No internet service,No internet service,No internet service,Two year,No,Electronic check,18.25,584.0,
RET-0143,2026-07-13,Male,1,No,Yes,29,No,No phone service,DSL,Yes,No,Yes,No,Yes,Yes,One year,No,Bank transfer (automatic),47.08,1365.32,
RET-0144,2026-07-13,Male,0,No,Yes,20,No,No phone service,DSL,No,No,No,No,No,No,Two year,Yes,Credit card (automatic),51.79,1035.8,
RET-0145,2026-07-13,Female,0,No,Yes,30,No,No phone service,Fiber optic,No,Yes,Yes,Yes,Yes,Yes,Two year,No,Bank transfer (automatic),57.98,1739.4,
RET-0146,2026-07-13,Male,0,No,Yes,28,No,No phone service,No,No internet service,No internet service,No internet service,No internet service,No internet service,No internet service,One year,No,Electronic check,92.21,2581.88,
RET-0147,2026-07-13,Female,0,Yes,Yes,43,Yes,Yes,No,No internet service,No internet service,No internet service,No internet service,No internet service,No internet service,Two year,Yes,Mailed check,94.58,4066.94,
RET-0148,2026-07-13,Male,0,Yes,Yes,58,No,No phone service,DSL,No,Yes,Yes,Yes,Yes,Yes,One year,No,Bank transfer (automatic),54.71,3173.18,
RET-0149,2026-07-13,Female,0,No,Yes,35,Yes,No,No,No internet service,No internet service,No internet service,No internet service,No internet service,No internet service,One year,Yes,Bank transfer (automatic),67.11,2348.85,
RET-0150,2026-07-13,Male,1,No,No,30,No,No phone service,Fiber optic,Yes,Yes,No,No,No,Yes,Two year,No,Bank transfer (automatic),54.91,1647.3,
RET-0151,2026-07-13,Male,0,No,Yes,21,No,No phone service,DSL,No,Yes,No,Yes,Yes,Yes,Month-to-month,Yes,Mailed check,84.29,1770.09,
RET-0152,2026-07-13,Male,0,Yes,Yes,32,No,No phone service,DSL,Yes,Yes,No,Yes,Yes,Yes,Month-to-month,No,Electronic check,18.25,584.0,
RET-0153,2026-07-13,Male,0,No,No,42,Yes,Yes,DSL,No,Yes,No,Yes,No,No,Month-to-month,Yes,Mailed check,94.59,3972.78,
RET-0154,2026-07-13,Male,1,No,Yes,42,Yes,Yes,Fiber optic,No,No,No,No,Yes,Yes,Two year,Yes,Mailed check,18.25,766.5,
RET-0155,2026-07-13,Male,1,No,Yes,66,No,No phone service,Fiber optic,No,No,No,Yes,Yes,Yes,One year,No,Bank transfer (automatic),58.53,3862.98,
RET-0156,2026-07-13,Male,0,Yes,No,0,No,No phone service,No,No internet service,No internet service,No internet service,No internet service,No internet service,No internet service,Two year,No,Bank transfer (automatic),84.03,0.0,
RET-0157,2026-07-13,Male,1,Yes,No,13,Yes,Yes,DSL,No,No,No,No,No,No,Month-to-month,No,Electronic check,33.89,440.57,
RET-0158,2026-07-13,Female,1,Yes,Yes,5,Yes,No,Fiber optic,Yes,No,Yes,Yes,Yes,No,Two year,No,Electronic check,18.25,91.25,
RET-0159,2026-07-13,Male,0,Yes,Yes,26,No,No phone service,No,No internet service,No internet service,No internet service,No internet service,No internet service,No internet service,Month-to-month,No,Mailed check,75.41,1960.66,
RET-0160,2026-07-13,Male,0,No,No,13,No,No phone service,No,No internet service,No internet service,No internet service,No internet service,No internet service,No internet service,One year,No,Mailed check,96.04,1248.52,
RET-0161,2026-07-13,Male,0,No,Yes,31,No,No phone service,DSL,No,Yes,No,No,No,No,Two year,No,Electronic check,105.49,3270.19,
RET-0162,2026-07-13,Female,0,No,Yes,42,No,No phone service,No,No internet service,No internet service,No internet service,No internet service,No internet service,No internet service,Two year,Yes,Mailed check,72.12,3029.04,
RET-0163,2026-07-13,Female,0,Yes,Yes,0,No,No phone service,Fiber optic,Yes,Yes,Yes,Yes,Yes,No,One year,Yes,Mailed check,109.04,0.0,
RET-0164,2026-07-13,Female,1,No,Yes,27,No,No phone service,DSL,Yes,Yes,No,No,No,No,One year,Yes,Electronic check,79.23,2139.21,
RET-0165,2026-07-13,Male,0,No,Yes,59,No,No phone service,DSL,Yes,No,Yes,No,Yes,No,Two year,No,Electronic check,51.58,3043.22,
RET-0166,2026-07-13,Female,0,Yes,No,40,Yes,Yes,No,No internet service,No internet service,No internet service,No internet service,No internet service,No internet service,Month-to-month,Yes,Credit card (automatic),73.93,2957.2,
RET-0167,2026-07-13,Female,0,No,No,25,Yes,No,No,No internet service,No internet service,No internet service,No internet service,No internet service,No internet service,Month-to-month,No,Credit card (automatic),25.95,648.75,
RET-0168,2026-07-13,Female,0,Yes,Yes,16,No,No phone service,Fiber optic,No,No,Yes,Yes,Yes,No,One year,Yes,Bank transfer (automatic),18.25,292.0,
RET-0169,2026-07-13,Female,0,Yes,No,67,No,No phone service,DSL,No,Yes,Yes,Yes,No,Yes,Month-to-month,Yes,Bank transfer (automatic),45.69,3061.23,
RET-0170,2026-07-13,Male,0,No,Yes,53,No,No phone service,Fiber optic,Yes,Yes,Yes,Yes,No,Yes,One year,No,Bank transfer (automatic),71.63,3796.39,
RET-0171,2026-07-13,Female,1,Yes,Yes,19,Yes,Yes,Fiber optic,Yes,No,Yes,No,Yes,No,Month-to-month,No,Mailed check,37.78,717.82,
RET-0172,2026-07-13,Male,0,No,Yes,22,No,No phone service,No,No internet service,No internet service,No internet service,No internet service,No internet service,No internet service,One year,No,Mailed check,91.86,2020.92,
RET-0173,2026-07-13,Female,0,Yes,No,32,No,No phone service,DSL,Yes,No,No,Yes,No,Yes,Two year,Yes,Mailed check,109.91,3517.12,
RET-0174,2026-07-13,Male,0,No,No,35,Yes,No,Fiber optic,Yes,No,No,No,No,Yes,Month-to-month,Yes,Electronic check,66.46,2326.1,
RET-0175,2026-07-13,Male,0,No,Yes,0,No,No phone service,No,No internet service,No internet service,No internet service,No internet service,No internet service,No internet service,One year,Yes,Bank transfer (automatic),45.04,0.0,
RET-0113,2026-07-13,Female,0,No,No,27,Yes,Yes,No,No internet service,No internet service,No internet service,No internet service,No internet service,No internet service,Month-to-month,Yes,Mailed check,95.18,2448.36,
RET-0176,2026-07-20,Male,0,Yes,No,40,No,No phone service,DSL,No,No,Yes,No,Yes,No,One year,No,Mailed check,89.99,3599.6,
RET-0177,2026-07-20,Male,0,Yes,Yes,48,No,No phone service,DSL,Yes,No,No,No,Yes,No,Month-to-month,Yes,Electronic check,74.72,3586.56,
RET-0178,2026-07-20,Male,1,Yes,No,29,Yes,No,No,No internet service,No internet service,No internet service,No internet service,No internet service,No internet service,One year,Yes,Credit card (automatic),89.21,2587.09,
RET-0179,2026-07-20,Female,0,No,No,14,No,No phone service,DSL,No,Yes,No,Yes,Yes,No,One year,Yes,Electronic check,56.08,785.12,
RET-0180,2026-07-20,Male,1,Yes,No,33,No,No phone service,DSL,No,Yes,No,No,No,No,Two year,Yes,Mailed check,57.6,1900.8,
RET-0181,2026-07-20,Male,1,Yes,Yes,44,Yes,No,Fiber optic,Yes,No,Yes,No,No,Yes,One year,Yes,Credit card (automatic),31.66,1393.04,
RET-0182,2026-07-20,Male,1,No,Yes,14,No,No phone service,Fiber optic,No,Yes,Yes,No,No,Yes,One year,Yes,Electronic check,82.86,1160.04,
RET-0183,2026-07-20,Male,0,Yes,Yes,15,Yes,No,No,No internet service,No internet service,No internet service,No internet service,No internet service,No internet service,Two year,No,Bank transfer (automatic),88.85,1332.75,
RET-0184,2026-07-20,Male,0,Yes,Yes,42,No,No phone service,Fiber optic,Yes,No,Yes,No,No,No,Month-to-month,No,Electronic check,66.4,2788.8,
RET-0185,2026-07-20,Male,0,Yes,Yes,8,No,No phone service,No,No internet service,No internet service,No internet service,No internet service,No internet service,No internet service,Month-to-month,No,Bank transfer (automatic),36.72,293.76,
RET-0186,2026-07-20,Male,1,Yes,No,63,Yes,No,Fiber optic,No,Yes,Yes,No,No,No,Month-to-month,Yes,Credit card (automatic),45.0,2835.0,
RET-0187,2026-07-20,Male,0,Yes,No,78,Yes,Yes,No,No internet service,No internet service,No internet service,No internet service,No internet service,No internet service,One year,Yes,Credit card (automatic),59.31,4626.18,
RET-0188,2026-07-20,Male,1,No,Yes,62,No,No phone service,DSL,Yes,No,No,Yes,Yes,No,Two year,No,Credit card (automatic),79.95,4956.9,
RET-0189,2026-07-20,Male,0,No,Yes,42,Yes,No,No,No internet service,No internet service,No internet service,No internet service,No internet service,No internet service,One year,No,Credit card (automatic),18.25,766.5,
RET-0190,2026-07-20,Female,0,No,Yes,33,No,No phone service,DSL,No,Yes,No,No,No,No,One year,No,Electronic check,51.61,1703.13,
RET-0191,2026-07-20,Female,1,Yes,No,72,Yes,Yes,Fiber optic,Yes,Yes,Yes,Yes,No,No,Month-to-month,No,Mailed check,18.9,1360.8,
RET-0192,2026-07-20,Male,0,No,No,0,No,No phone service,No,No internet service,No internet service,No internet service,No internet service,No internet service,No internet service,Two year,No,Electronic check,85.29,0.0,
RET-0193,2026-07-20,Female,0,Yes,Yes,46,Yes,Yes,No,No internet service,No internet service,No internet service,No internet service,No internet service,No internet service,Month-to-month,Yes,Electronic check,53.9,2479.4,
RET-0194,2026-07-20,Female,0,No,Yes,11,No,No phone service,No,No internet service,No internet service,No internet service,No internet service,No internet service,No internet service,Two year,No,Electronic check,65.76,723.36,
RET-0195,2026-07-20,Male,1,No,Yes,17,Yes,Yes,No,No internet service,No internet service,No internet service,No internet service,No internet service,No internet service,Month-to-month,Yes,Bank transfer (automatic),60.9,1035.3,
RET-0196,2026-07-20,Female,0,Yes,Yes,36,No,No phone service,No,No internet service,No internet service,No internet service,No internet service,No internet service,No internet service,Month-to-month,Yes,Bank transfer (automatic),72.98,2627.28,
RET-0197,2026-07-20,Female,0,No,Yes,11,No,No phone service,DSL,No,Yes,Yes,Yes,Yes,No,Two year,Yes,Mailed check,84.34,927.74,
RET-0198,2026-07-20,Male,0,No,Yes,55,No,No phone service,DSL,Yes,No,Yes,No,Yes,Yes,One year,Yes,Mailed check,47.41,2607.55,
RET-0199,2026-07-20,Female,0,Yes,No,26,Yes,No,No,No internet service,No internet service,No internet service,No internet service,No internet service,No internet service,Month-to-month,No,Bank transfer (automatic),62.61,1627.86,
RET-0200,2026-07-20,Male,0,No,No,28,No,No phone service,No,No internet service,No internet service,No internet service,No internet service,No internet service,No internet service,Month-to-month,Yes,Bank transfer (automatic),44.68,1251.04,
RET-0201,2026-07-20,Male,0,Yes,No,0,No,No phone service,No,No internet service,No internet service,No internet service,No internet service,No internet service,No internet service,Month-to-month,No,Mailed check,120.25,0.0,
RET-0202,2026-07-20,Male,0,No,Yes,36,No,No phone service,No,No internet service,No internet service,No internet service,No internet service,No internet service,No internet service,One year,No,Bank transfer (automatic),63.43,2283.48,
RET-0203,2026-07-20,Female,0,Yes,Yes,41,Yes,No,No,No internet service,No internet service,No internet service,No internet service,No internet service,No internet service,One year,No,Mailed check,32.28,1323.48,
RET-0204,2026-07-20,Female,0,Yes,Yes,39,No,No phone service,DSL,No,No,Yes,No,No,Yes,Two year,Yes,Bank transfer (automatic),18.25,711.75,
RET-0205,2026-07-20,Male,0,Yes,Yes,43,No,No phone service,Fiber optic,No,Yes,Yes,Yes,Yes,Yes,One year,Yes,Credit card (automatic),59.77,2570.11,
RET-0206,2026-07-20,Female,0,Yes,Yes,28,Yes,No,No,No internet service,No internet service,No internet service,No internet service,No internet service,No internet service,One year,Yes,Electronic check,75.87,2124.36,
RET-0207,2026-07-20,Female,0,Yes,Yes,64,Yes,No,DSL,No,No,Yes,No,Yes,No,Month-to-month,Yes,Bank transfer (automatic),95.89,6136.96,
RET-0208,2026-07-20,Male,0,No,No,37,Yes,Yes,No,No internet service,No internet service,No internet service,No internet service,No internet service,No internet service,One year,Yes,Electronic check,70.4,2604.8,
RET-0209,2026-07-20,Female,0,No,Yes,59,Yes,Yes,No,No internet service,No internet service,No internet service,No internet service,No internet service,No internet service,Two year,Yes,Credit card (automatic),48.17,2842.03,
RET-0210,2026-07-20,Male,0,No,Yes,39,No,No phone service,DSL,No,No,Yes,No,Yes,No,Two year,No,Electronic check,41.13,1604.07,
RET-0211,2026-07-20,Male,1,No,Yes,18,Yes,No,No,No internet service,No internet service,No internet service,No internet service,No internet service,No internet service,Two year,No,Mailed check,18.25,328.5,
RET-0212,2026-07-20,Female,0,No,No,70,Yes,No,No,No internet service,No internet service,No internet service,No internet service,No internet service,No internet service,Two year,Yes,Mailed check,105.96,7417.2,
RET-0213,2026-07-20,Male,1,No,No,27,No,No phone service,DSL,No,Yes,Yes,No,No,No,Two year,Yes,Bank transfer (automatic),79.72,2152.44,
RET-0214,2026-07-20,Female,0,No,Yes,44,No,No phone service,No,No internet service,No internet service,No internet service,No internet service,No internet service,No internet service,Two year,Yes,Mailed check,67.77,2981.88,
RET-0215,2026-07-20,Female,0,No,No,21,Yes,Yes,Fiber optic,No,No,Yes,Yes,No,No,One year,No,Electronic check,69.29,1455.09,
RET-0216,2026-07-20,Male,0,No,No,9,Yes,No,DSL,No,No,No,No,No,No,One year,No,Credit card (automatic),84.03,756.27,
RET-0217,2026-07-20,Female,0,Yes,Yes,9,Yes,No,No,No internet service,No internet service,No internet service,No internet service,No internet service,No internet service,Month-to-month,Yes,Electronic check,53.35,480.15,
RET-0218,2026-07-20,Male,0,Yes,Yes,35,No,No phone service,DSL,No,No,No,No,Yes,No,One year,No,Credit card (automatic),68.95,2413.25,
RET-0219,2026-07-20,Male,0,No,Yes,19,No,No phone service,DSL,Yes,Yes,No,Yes,No,Yes,One year,No,Electronic check,66.7,1267.3,
RET-0220,2026-07-20,Male,0,No,No,30,Yes,No,No,No internet service,No internet service,No internet service,No internet service,No internet service,No internet service,Month-to-month,No,Electronic check,18.25,547.5,
RET-0221,2026-07-20,Male,0,Yes,Yes,3,Yes,Yes,No,No internet service,No internet service,No internet service,No internet service,No internet service,No internet service,Month-to-month,No,Mailed check,53.66,160.98,
RET-0222,2026-07-20,Female,0,No,No,30,No,No phone service,Fiber optic,No,No,Yes,No,No,Yes,One year,Yes,Credit card (automatic),19.7,591.0,
RET-0223,2026-07-20,Female,0,Yes,No,0,Yes,No,Fiber optic,No,No,No,No,Yes,No,Month-to-month,Yes,Credit card (automatic),33.81,0.0,
RET-0224,2026-07-20,Male,0,No,Yes,17,Yes,No,DSL,Yes,Yes,Yes,No,Yes,Yes,Two year,Yes,Credit card (automatic),55.79,948.43,
RET-0225,2026-07-20,Female,1,No,Yes,15,No,No phone service,DSL,Yes,Yes,Yes,Yes,No,Yes,Two year,Yes,Credit card (automatic),45.84,687.6,
RET-0226,2026-07-20,Female,0,No,Yes,34,No,No phone service,No,No internet service,No internet service,No internet service,No internet service,No internet service,No internet service,One year,Yes,Bank transfer (automatic),90.35,3071.9,
RET-0227,2026-07-20,Male,1,No,No,6,No,No phone service,No,No internet service,No internet service,No internet service,No internet service,No internet service,No internet service,Month-to-month,No,Credit card (automatic),79.17,475.02,
RET-0228,2026-07-20,Male,0,No,Yes,41,Yes,Yes,No,No internet service,No internet service,No internet service,No internet service,No internet service,No internet service,One year,Yes,Mailed check,64.55,2646.55,
RET-0229,2026-07-20,Female,1,Yes,Yes,53,No,No phone service,No,No internet service,No internet service,No internet service,No internet service,No internet service,No internet service,Two year,No,Credit card (automatic),50.83,2693.99,
RET-0230,2026-07-20,Female,0,No,Yes,79,No,No phone service,DSL,No,Yes,No,No,Yes,No,Month-to-month,Yes,Mailed check,85.66,6767.14,
RET-0231,2026-07-20,Female,0,Yes,No,0,No,No phone service,No,No internet service,No internet service,No internet service,No internet service,No internet service,No internet service,Two year,No,Bank transfer (automatic),102.08,0.0,
RET-0232,2026-07-20,Male,1,Yes,No,18,Yes,No,No,No internet service,No internet service,No internet service,No internet service,No internet service,No internet service,One year,Yes,Mailed check,84.16,1514.88,
RET-0233,2026-07-20,Male,0,No,No,57,Yes,No,DSL,No,Yes,No,Yes,No,Yes,One year,Yes,Credit card (automatic),18.25,1040.25,
RET-0234,2026-07-20,Female,0,No,No,18,No,No phone service,DSL,Yes,Yes,Yes,No,No,Yes,Two year,Yes,Bank transfer (automatic),43.93,790.74,
RET-0235,2026-07-20,Male,1,Yes,Yes,6,No,No phone service,Fiber optic,No,Yes,No,No,No,No,One year,Yes,Mailed check,87.35,524.1,
RET-0178,2026-07-20,Male,1,Yes,No,29,Yes,No,No,No internet service,No internet service,No internet service,No internet service,No internet service,No internet service,One year,Yes,Credit card (automatic),93.71,2587.09,
RET-0236,2026-07-27,Female,0,No,Yes,50,Yes,No,Fiber optic,Yes,Yes,No,No,Yes,Yes,One year,Yes,Electronic check,84.58,4229.0,BBVA
RET-0237,2026-07-27,Male,1,No,Yes,34,No,No phone service,Fiber optic,Yes,No,No,Yes,No,No,Two year,Yes,Credit card (automatic),90.96,3092.64,bancolombia
RET-0238,2026-07-27,Female,1,No,No,49,No,No phone service,Fiber optic,No,Yes,No,Yes,No,Yes,Month-to-month,No,Credit card (automatic),24.67,1208.83,Scotiabank
RET-0239,2026-07-27,Male,1,Yes,No,16,Yes,Yes,No,No internet service,No internet service,No internet service,No internet service,No internet service,No internet service,Month-to-month,Yes,Mailed check,41.63,666.08,Banco de Bogota
RET-0240,2026-07-27,Female,0,Yes,No,38,No,No phone service,DSL,No,Yes,No,Yes,Yes,Yes,Month-to-month,No,Mailed check,81.59,3100.42,Banco de Bogota
RET-0241,2026-07-27,Male,0,Yes,No,null,Yes,Yes,No,No internet service,No internet service,No internet service,No internet service,No internet service,No internet service,One year,No,Electronic check,77.83,3891.5,Bancolombia
RET-0242,2026-07-27,Male,1,No,Yes,37,Yes,No,No,No internet service,No internet service,No internet service,No internet service,No internet service,No internet service,One year,No,Electronic check,96.67,3576.79,Bancolombia
RET-0243,2026-07-27,Male,0,No,Yes,27,No,No phone service,Fiber optic,No,No,No,Yes,No,Yes,Two year,Yes,Electronic check,128.31,3464.37,Banco de Bogota
RET-0244,2026-07-27,Male,0,Yes,No,56,No,No phone service,DSL,No,Yes,No,Yes,Yes,Yes,Two year,No,Bank transfer (automatic),69.96,3917.76,Bancolombia
RET-0245,2026-07-27,Female,0,No,Yes,15,No,No phone service,Fiber optic,No,No,Yes,Yes,Yes,Yes,Two year,No,Credit card (automatic),76.43,1146.45,Scotiabank
RET-0246,2026-07-27,Female,1,Yes,No,30,No,No phone service,No,No internet service,No internet service,No internet service,No internet service,No internet service,No internet service,Month-to-month,No,Bank transfer (automatic),73.72,2211.6,Banco de Bogota
RET-0247,2026-07-27,Male,0,Yes,No,49,No,No phone service,No,No internet service,No internet service,No internet service,No internet service,No internet service,No internet service,Month-to-month,Yes,Electronic check,51.22,2509.78,Banco de Bogota
RET-0248,2026-07-27,Male,1,Yes,Yes,38,No,No phone service,No,No internet service,No internet service,No internet service,No internet service,No internet service,No internet service,Month-to-month,Yes,Bank transfer (automatic),79.5,3021.0,Scotiabank
RET-0249,2026-07-27,Male,0,No,No,21,Yes,Yes,Fiber optic,No,Yes,No,No,Yes,Yes,Two year,No,Bank transfer (automatic),55.2,1159.2,
RET-0250,2026-07-27,Female,0,Yes,No,20,No,No phone service,DSL,No,Yes,Yes,No,Yes,No,Month-to-month,No,Electronic check,59.87,1197.4,Scotiabank
RET-0251,2026-07-27,Male,0,No,Yes,46,Yes,No,No,No internet service,No internet service,No internet service,No internet service,No internet service,No internet service,Two year,No,Electronic check,53.3,2451.8,Davivienda
RET-0252,2026-07-27,Female,0,No, No ,39,No,No phone service,DSL,No,No,Yes,No,Yes,Yes,One year,Yes,Mailed check,70.05,2731.95,Davivienda
RET-0253,2026-07-27,Female,0,No,No,0,No,No phone service,DSL,Yes,No,Yes,No,No,No,Month-to-month,Yes,Electronic check,64.94,0.0,Davivienda
RET-0254,2026-07-27,Female,0,Yes,Yes,17,No,No phone service,No,No internet service,No internet service,No internet service,No internet service,No internet service,No internet service,Two year,No,Credit card (automatic),18.25,310.25,Scotiabank
RET-0255,2026-07-27,Female,0,No,Yes,40,No,No phone service,Fiber optic,No,No,No,No,Yes,Yes,Month-to-month,Yes,Credit card (automatic),105.24,4209.6,Banco de Bogota
RET-0256,2026-07-27,Female,0,Yes,No,43,Yes,No,No,No internet service,No internet service,No internet service,No internet service,No internet service,No internet service,Two year,No,Electronic check,54.09,2325.87,bancolombia
RET-0257,2026-07-27,Female,0,No,No,56,Yes,Yes,DSL,Yes,Yes,No,No,Yes,Yes,Two year,Yes,Bank transfer (automatic),88.27,4943.12,Davivienda
RET-0258,2026-07-27,Male,0,Yes,No,35,Yes,Yes,Fiber optic,Yes,No,Yes,Yes,Yes,No,Two year,Yes,Bank transfer (automatic),58.69,2054.15,bancolombia
RET-0259,2026-07-27,Male,0,Yes,Yes,56,No,No phone service,DSL,Yes,Yes,No,Yes,Yes,Yes,Month-to-month,No,Electronic check,47.28,2647.68,Scotiabank
RET-0260,2026-07-27,Male,0,Yes,Yes,36,Yes,No,Fiber optic,No,No,No,No,No,Yes,Month-to-month,No,Electronic check,98.56,3548.16,Banco de Bogota
RET-0261,2026-07-27,Female,1,No,Yes,5,Yes,No,DSL,Yes,No,Yes,No,Yes,No,Month-to-month,Yes,Mailed check,69.57,347.85,BBVA
RET-0262,2026-07-27,Male,0,No,Yes,52,Yes,Yes,Fiber optic,Yes,Yes,Yes,No,Yes,No,One year,Yes,Electronic check,28.99,1507.48,davivienda
RET-0263,2026-07-27,Female,0,Yes,Yes,14,Yes,Yes,No,No internet service,No internet service,No internet service,No internet service,No internet service,No internet service,Two year,No,Bank transfer (automatic),51.59,722.26,
RET-0264,2026-07-27,Male,0,Yes,Yes,61,Yes,Yes,Fiber optic,Yes,No,Yes,No,No,No,One year,Yes,Electronic check,55.53,3387.33,Davivienda
RET-0265,2026-07-27,Female,1,Yes,Yes,40,Yes,No,No,No internet service,No internet service,No internet service,No internet service,No internet service,No internet service,One year,Yes,Electronic check,49.86,1994.4,Bancolombia
RET-0266,2026-07-27,Male,0,Yes,No,41,Yes,Yes,No,No internet service,No internet service,No internet service,No internet service,No internet service,No internet service,Month-to-month,No,Bank transfer (automatic),40.49,1660.09,Scotiabank
RET-0267,2026-07-27,Male,0,Yes,Yes,28,No,No phone service,Fiber optic,Yes,Yes,No,No,No,No,Month-to-month,Yes,Bank transfer (automatic),26.54,743.12,Bancolombia
RET-0268,2026-07-27,Male,0,No,Yes,60,No,No phone service,No,No internet service,No internet service,No internet service,No internet service,No internet service,No internet service,Two year,No,Credit card (automatic),52.38,3142.8,
RET-0269,2026-07-27,Male,1,Yes,Yes,33,Yes,No,DSL,No,Yes,Yes,No,No,Yes,Two year,Yes,Electronic check,77.23,2548.59,Banco de Bogota
RET-0270,2026-07-27,Male,0,Yes,Yes,27,No,No phone service,Fiber optic,No,Yes,No,No,Yes,No,Two year,No,Electronic check,30.05,811.35,BBVA
RET-0271,2026-07-27,Female,0,No,No,68,Yes,No,No,No internet service,No internet service,No internet service,No internet service,No internet service,No internet service,Month-to-month,No,Bank transfer (automatic),103.63,7046.84,BBVA
RET-0272,2026-07-27,Male,0,Yes,No,34,No,No phone service,No,No internet service,No internet service,No internet service,No internet service,No internet service,No internet service,Month-to-month,No,Bank transfer (automatic),64.22,2183.48,
RET-0273,2026-07-27,Female,1,No,No,0,Yes,No,No,No internet service,No internet service,No internet service,No internet service,No internet service,No internet service,Month-to-month,No,Electronic check,131.73,0.0,Scotiabank
RET-0274,2026-07-27,Male,1,Yes,Yes,39,No,No phone service,DSL,No,No,Yes,Yes,Yes,Yes,Month-to-month,Yes,Electronic check,20.92,815.88,bancolombia
RET-0275,2026-07-27,Female,0,No,Yes,48,Yes,Yes,No,No internet service,No internet service,No internet service,No internet service,No internet service,No internet service,One year,No,Credit card (automatic),65.32,3135.36,Scotiabank
RET-0276,2026-07-27,Female,0,No,Yes,55,Yes,Yes,DSL,Yes,Yes,No,No,Yes,Yes,Two year,Yes,Mailed check,30.54,1679.7,Bancolombia
RET-0277,2026-07-27,Female,0,No,Yes,45,Yes,Yes,No,No internet service,No internet service,No internet service,No internet service,No internet service,No internet service,Two year,Yes,Credit card (automatic),81.04,3646.8,Scotiabank
RET-0278,2026-07-27,Male,1,No,Yes,52,Yes,No,Fiber optic,No,Yes,Yes,No,Yes,Yes,Month-to-month,No,Mailed check,63.76,3315.52,Bancolombia
RET-0279,2026-07-27,Male,0,Yes,Yes,9,No,No phone service,DSL,Yes,No,Yes,No,No,Yes,One year,Yes,Bank transfer (automatic),18.25,164.25,Bancolombia S.A.
RET-0280,2026-07-27,Female,1,No,Yes,7,No,No phone service,DSL,No,Yes,No,Yes,Yes,No,Month-to-month,No,Credit card (automatic),83.2,582.4,Banco de Bogota
RET-0281,2026-07-27,Female,0,No,Yes,11,No,No phone service,Fiber optic,No,No,No,No,No,Yes,Month-to-month,No,Mailed check,101.31,1114.41,Davivienda
RET-0282,2026-07-27,Female,1,No,No,15,No,No phone service,Fiber optic,Yes,Yes,Yes,No,No,Yes,One year,No,Electronic check,84.17,1262.55,Bancolombia S.A.
RET-0283,2026-07-27,Female,0,No,No,14,No,No phone service,DSL,Yes,No,No,Yes,No,Yes,One year,Yes,Electronic check,92.16,1290.24,Banco de Bogota
RET-0284,2026-07-27,Female,0,No,No,49,No,No phone service,Fiber optic,No,No,No,No,No,No,One year,No,Bank transfer (automatic),77.09,3777.41,Banco de Bogota
RET-0285,2026-07-27,Female,1,No,Yes,17,Yes,Yes,No,No internet service,No internet service,No internet service,No internet service,No internet service,No internet service,One year,No,Bank transfer (automatic),63.35,1076.95,Davivienda
RET-0286,2026-07-27,Female,0,No,Yes,34,Yes,Yes,No,No internet service,No internet service,No internet service,No internet service,No internet service,No internet service,Two year,No,Mailed check,18.25,620.5,Scotiabank
RET-0287,2026-07-27,Male,1,Yes,Yes,38,Yes,No,No,No internet service,No internet service,No internet service,No internet service,No internet service,No internet service,Month-to-month,Yes,Credit card (automatic),18.25,693.5,BBVA
RET-0288,2026-07-27,Male,1,No,Yes,56,No,No phone service,No,No internet service,No internet service,No internet service,No internet service,No internet service,No internet service,Month-to-month,No,Bank transfer (automatic),60.61,3394.16,
RET-0289,2026-07-27,Female,0,Yes,Yes,33,Yes,No,No,No internet service,No internet service,No internet service,No internet service,No internet service,No internet service,One year,Yes,Electronic check,86.62,2858.46,Banco de Bogota
RET-0290,2026-07-27,Male,0,No,Yes,74,No,No phone service,No,No internet service,No internet service,No internet service,No internet service,No internet service,No internet service,Month-to-month,Yes,Electronic check,69.89,5171.86,Scotiabank
RET-0291,2026-07-27,Male,1,Yes,No,19,No,No phone service,Fiber optic,Yes,No,No,No,No,No,One year,Yes,Mailed check,30.89,586.91,davivienda
RET-0292,2026-07-27,Male,0,Yes,Yes,0,Yes,No,No,No internet service,No internet service,No internet service,No internet service,No internet service,No internet service,One year,No,Electronic check,66.58,0.0,Banco de Bogota
RET-0293,2026-07-27,Female,0,Yes,No,2,No,No phone service,Fiber optic,No,No,No,Yes,Yes,No,Two year,No,Mailed check,85.32,170.64,BBVA
RET-0294,2026-07-27,Male,0,Yes,No,32,No,No phone service,Fiber optic,No,No,Yes,No,No,Yes,Two year,No,Electronic check,69.99,2239.68,BBVA
RET-0295,2026-07-27,Female,0,No,No,21,Yes,No,Fiber optic,No,Yes,No,Yes,Yes,No,Month-to-month,No,Mailed check,18.25,383.25,Scotiabank
RET-0296,2026-07-27,Female,1,No,Yes,38,No,No phone service,Fiber optic,No,No,No,Yes,No,No,Two year,Yes,Bank transfer (automatic),96.01,3648.38,Bancolombia
RET-0297,2026-07-27,Female,0,Yes,Yes,21,Yes,Yes,Fiber optic,Yes,No,No,Yes,No,No,Two year,Yes,Bank transfer (automatic),121.29,2547.09,BBVA
RET-0298,2026-07-27,Male,0,Yes,No,49,Yes,Yes,Fiber optic,Yes,Yes,No,Yes,Yes,No,Month-to-month,Yes,Credit card (automatic),40.31,1975.19,  BBVA 
RET-0299,2026-07-27,Male,0,Yes,No,20,No,No phone service,No,No internet service,No internet service,No internet service,No internet service,No internet service,No internet service,Month-to-month,Yes,Electronic check,61.19,1223.8,Bancolombia
RET-0300,2026-07-27,Female,0,No,No,18,Yes,No,No,No internet service,No internet service,No internet service,No internet service,No internet service,No internet service,Month-to-month,No,Bank transfer (automatic),18.25,328.5,Davivienda
RET-0301,2026-07-27,Female,0,No,No,52,Yes,No,Fiber optic,Yes,Yes,Yes,Yes,No,No,Two year,No,Mailed check,90.1,4685.2,Davivienda
RET-0302,2026-07-27,Female,0,Yes,No,41,No,No phone service,No,No internet service,No internet service,No internet service,No internet service,No internet service,No internet service,Month-to-month,Yes,Mailed check,35.81,1468.21,Banco de Bogota
RET-0303,2026-07-27,Female,0,No,No,31,Yes,Yes,DSL,No,No,No,No,No,No,Two year,Yes,Electronic check,69.08,2141.48,Banco de Bogota
RET-0304,2026-07-27,Male,1,No,Yes,66,Yes,Yes,Fiber optic,No,No,No,Yes,Yes,No,Two year,Yes,Credit card (automatic),96.74,6384.84,Bancolombia
RET-0305,2026-07-27,Male,0,Yes,No,0,Yes,Yes,DSL,Yes,Yes,Yes,Yes,No,Yes,Two year,Yes,Bank transfer (automatic),37.22,0.0,Banco de Bogota
RET-0306,2026-07-27,Female,1,Yes,No,33,No,No phone service,No,No internet service,No internet service,No internet service,No internet service,No internet service,No internet service,One year,No,Credit card (automatic),71.34,,Bancolombia S.A.
RET-0307,2026-07-27,Male,0,Yes,No,44,Yes,No,No,No internet service,No internet service,No internet service,No internet service,No internet service,No internet service,Month-to-month,Yes,Electronic check,58.33,2566.52,BBVA
RET-0308,2026-07-27,Male,0,Yes,No,39,No,No phone service,No,No internet service,No internet service,No internet service,No internet service,No internet service,No internet service,Two year,No,Bank transfer (automatic),42.4,1653.6,Davivienda
RET-0309,2026-07-27,Female,0,No,No,48,Yes,No,DSL,No,No,Yes,Yes,No,Yes,Two year,Yes,Bank transfer (automatic),63.33,3039.84,Scotiabank
RET-0310,2026-07-27,Female,0,No,No,50,No,No phone service,Fiber optic,No,No,No,Yes,Yes,Yes,Month-to-month,Yes,Electronic check,79.9,3995.0,bancolombia
RET-0311,2026-07-27,Female,1,Yes,No,52,Yes,No,No,No internet service,No internet service,No internet service,No internet service,No internet service,No internet service,Month-to-month,Yes,Electronic check,80.03,4161.56,bancolombia
RET-0312,2026-07-27,Female,0,Yes,No,26,Yes,No,Fiber optic,No,No,Yes,Yes,Yes,Yes,Two year,No,Mailed check,64.41,1674.66,BCO BOGOTA
RET-0313,2026-07-27,Male,0,Yes,Yes,17,No,No phone service,No,No internet service,No internet service,No internet service,No internet service,No internet service,No internet service,One year,Yes,Credit card (automatic),38.37,652.29,Scotiabank
RET-0314,2026-07-27,Female,0,No,No,27,No,No phone service,DSL,Yes,Yes,No,Yes,Yes,Yes,Two year,No,Bank transfer (automatic),132.0,3564.0,BBVA
RET-0315,2026-07-27,Female,1,Yes,No,46,Yes,Yes,Fiber optic,Yes,Yes,Yes,Yes,No,No,Two year,No,Credit card (automatic),18.25,839.5,Bancolombia
RET-0316,2026-07-27,Female,0,Yes,No,33,Yes,No,Fiber optic,Yes,Yes,Yes,Yes,Yes,Yes,Month-to-month,Yes,Electronic check,34.41,1135.53,Banco de Bogota
RET-0317,2026-07-27,Female,0,Yes,Yes,52,Yes,Yes,DSL,No,No,Yes,Yes,No,Yes,Month-to-month,No,Credit card (automatic),51.23,2663.96,BBVA
RET-0318,2026-07-27,Male,0,No,Yes,6,No,No phone service,DSL,No,Yes,No,No,No,Yes,Two year,No,Electronic check,118.75,712.5,Banco de Bogota
RET-0319,2026-07-27,Female,1,Yes,No,33,Yes,No,Fiber optic,No,Yes,Yes,No,Yes,Yes,One year,Yes,Bank transfer (automatic),74.03,2442.99,BBVA
RET-0320,2026-07-27,Female,0,Yes,Yes,0,Yes,No,DSL,Yes,Yes,Yes,No,No,Yes,Two year,Yes,Electronic check,34.28,0.0,BBVA
RET-0321,2026-07-27,Male,1,Yes,Yes,42,No,No phone service,Fiber optic,Yes,No,No,Yes,No,Yes,One year,No,Bank transfer (automatic),115.67,4858.14,Scotiabank
RET-0322,2026-07-27,Female,0,Yes,Yes,13,No,No phone service,DSL,Yes,Yes,Yes,Yes,No,No,One year,Yes,Electronic check,76.89,999.57,BCO BOGOTA
RET-0323,2026-07-27,Male,0,No,Yes,21,Yes,No,No,No internet service,No internet service,No internet service,No internet service,No internet service,No internet service,Two year,No,Bank transfer (automatic),79.88,1677.48,davivienda
RET-0324,2026-07-27,Male,0,Yes,No,28,Yes,Yes,No,No internet service,No internet service,No internet service,No internet service,No internet service,No internet service,Month-to-month,Yes,Mailed check,39.28,1099.84,Bancolombia
RET-0325,2026-07-27,Male,0,Yes,No,34,Yes,Yes,Fiber optic,Yes,No,Yes,No,Yes,No,Two year,No,Bank transfer (automatic),70.53,2398.02,davivienda
RET-0326,2026-07-27,Female,0,No,No,47,Yes,Yes,DSL,Yes,No,No,No,No,Yes,Month-to-month,No,Credit card (automatic),59.07,2776.29,davivienda
RET-0327,2026-07-27,Female,0,Yes,No,39,Yes,No,DSL,No,Yes,Yes,No,Yes,No,One year,No,Credit card (automatic),122.3,4769.7,Davivienda
RET-0328,2026-07-27,Female,0,No,Yes,28,No,No phone service,No,No internet service,No internet service,No internet service,No internet service,No internet service,No internet service,Month-to-month,Yes,Mailed check,55.39,1550.92,Bancolombia S.A.
RET-0329,2026-07-27,Female,1,Yes,Yes,36,Yes,Yes,Fiber optic,No,No,Yes,No,No,Yes,Month-to-month,Yes,Mailed check,65.39,2354.04,Bancolombia S.A.
RET-0330,2026-07-27,Female,1,No,No,49,No,No phone service,DSL,Yes,No,Yes,No,Yes,No,One year,Yes,Bank transfer (automatic),85.91,4209.59,BCO BOGOTA
RET-0249,2026-07-27,Male,0,No,No,21,Yes,Yes,Fiber optic,No,Yes,No,No,Yes,Yes,Two year,No,Bank transfer (automatic),59.7,1159.2,
RET-0331,2026-08-03,Female,0,No,No,5,Yes,No,Fiber optic,No,No,No,Yes,Yes,No,Month-to-month,Yes,Bank transfer (automatic),53.79,268.95,
RET-0332,2026-08-03,Female,0,Yes,No,16,Yes,No,Fiber optic,No,Yes,Yes,No,Yes,Yes,Two year,Yes,Credit card (automatic),63.32,1013.12,BANCOLOMBIA
RET-0333,2026-08-03,Male,1,Yes,No,25,No,No phone service,DSL,Yes,No,No,No,Yes,Yes,Two year,No,Credit card (automatic),29.09,727.25,007
RET-0334,2026-08-03,Male,0,No,Yes,22,No,No phone service,DSL,No,No,No,No,No,Yes,One year,Yes,Electronic check,19.16,421.52,Davivienda
RET-0335,2026-08-03,Male,0,Yes,No,28,No,No phone service,No,No internet service,No internet service,No internet service,No internet service,No internet service,No internet service,Month-to-month,Yes,Credit card (automatic),95.3,2668.4,BANCOLOMBIA
RET-0336,2026-08-03,Female,0,Yes,No,35,Yes,Yes,Fiber optic,No,No,Yes,No,Yes,Yes,Month-to-month,Yes,Credit card (automatic),81.48,2851.8,Banco de Bogota
RET-0337,2026-08-03,Male,0,Yes,No,6,Yes,Yes,DSL,Yes,Yes,No,No,Yes,Yes,Two year,No,Electronic check,47.57,285.42,bancolombia
RET-0338,2026-08-03,Female,0,No,No,24,Yes,No,No,No internet service,No internet service,No internet service,No internet service,No internet service,No internet service,One year,Yes,Bank transfer (automatic),89.54,2148.96,Scotiabank
RET-0339,2026-08-03,Female,1,Yes,No,11,Yes,No,No,No internet service,No internet service,No internet service,No internet service,No internet service,No internet service,Month-to-month,No,Bank transfer (automatic),92.54,1017.94,Scotiabank
RET-0340,2026-08-03,Male,1,No,No,13,No,No phone service,Fiber optic,Yes,No,Yes,Yes,No,No,Month-to-month,Yes,Credit card (automatic),147.64,1919.32,BBVA
RET-0341,2026-08-03,Male,1,Yes,No,20,No,No phone service,Fiber optic,No,No,No,Yes,Yes,No,Month-to-month,No,Mailed check,32.55,651.0,BCO BOGOTA
RET-0342,2026-08-03,Male,0,Yes,No,23,No,No phone service,Fiber optic,Yes,No,No,Yes,No,Yes,One year,No,Mailed check,18.25,419.75,Bancolombia
RET-0343,2026-08-03,Female,0,No,Yes,2,No,No phone service,Fiber optic,No,No,Yes,Yes,Yes,Yes,Two year,No,Electronic check,56.89,113.78,Davivienda
RET-0344,2026-08-03,Male,1,Yes,Yes,36,No,No phone service,Fiber optic,Yes,Yes,Yes,Yes,Yes,No,One year,Yes,Bank transfer (automatic),34.75,1251.0,Bancolombia
RET-0345,2026-08-03,Male,0,Yes,Yes,57,No,No phone service,Fiber optic,No,Yes,No,Yes,No,No,Month-to-month,Yes,Electronic check,59.41,3386.37,007
RET-0346,2026-08-03,Male,0,Yes,Yes,48,Yes,No,DSL,No,No,No,Yes,Yes,Yes,One year,Yes,Mailed check,60.87,2921.76,BCO BOGOTA
RET-0347,2026-08-03,Male,0,Yes,Yes,22,Yes,Yes,DSL,Yes,No,No,No,No,No,Month-to-month,No,Bank transfer (automatic),80.96,1781.12,Scotiabank
RET-0348,2026-08-03,Female,0,No,Yes,30,Yes,Yes,DSL,No,No,Yes,No,No,Yes,Month-to-month,No,Mailed check,87.44,2623.2,BBVA
RET-0349,2026-08-03,Female,1,Yes,No,58,Yes,No,DSL,No,Yes,No,No,Yes,No,Month-to-month,Yes,Mailed check,125.52,7280.16,Davivienda
RET-0350,2026-08-03,Male,0,No,Yes,95,Yes,Yes,No,No internet service,No internet service,No internet service,No internet service,No internet service,No internet service,Month-to-month,Yes,Credit card (automatic),33.2,3154.0,
RET-0351,2026-08-03,Female,1,Yes,Yes,36,No,No phone service,No,No internet service,No internet service,No internet service,No internet service,No internet service,No internet service,One year,Yes,Mailed check,41.07,1478.52,Banco de Bogota
RET-0352,2026-08-03,Female,1,No,Yes,45,Yes,Yes,DSL,Yes,Yes,Yes,No,Yes,Yes,One year,Yes,Mailed check,38.91,1750.95,BBVA
RET-0353,2026-08-03,Female,1,Yes,No,17,No,No phone service,DSL,Yes,Yes,No,No,No,Yes,One year,No,Bank transfer (automatic),47.2,802.4,Banco de Bogota
RET-0354,2026-08-03,Male,0,Yes,No,58,No,No phone service,Fiber optic,No,No,Yes,No,Yes,No,Month-to-month,No,Credit card (automatic),48.48,2811.84,BBVA
RET-0355,2026-08-03,Female,0,Yes,No,21,Yes,Yes,No,No internet service,No internet service,No internet service,No internet service,No internet service,No internet service,Month-to-month,No,Electronic check,56.87,1194.27,
RET-0356,2026-08-03,Female,0,Yes,No,32,Yes,Yes,No,No internet service,No internet service,No internet service,No internet service,No internet service,No internet service,One year,Yes,Electronic check,67.39,2156.48,Banco de Bogota
RET-0357,2026-08-03,Male,0,Yes,Yes,3,Yes,No,DSL,No,No,Yes,No,No,Yes,Month-to-month,Yes,Credit card (automatic),112.97,338.91,  BBVA 
RET-0358,2026-08-03,Female,0,No,No,39,No,No phone service,Fiber optic,Yes,Yes,No,No,No,No,Two year,Yes,Bank transfer (automatic),115.52,4505.28,BBVA
RET-0359,2026-08-03,Female,0,Yes,No,42,Yes,Yes,Fiber optic,Yes,Yes,Yes,No,No,Yes,One year,No,Mailed check,99.63,4184.46,Bancolombia
RET-0360,2026-08-03,Male,0,No,Yes,51,Yes,No,Fiber optic,Yes,Yes,Yes,Yes,Yes,No,One year,Yes,Bank transfer (automatic),62.97,3211.47,Davivienda
RET-0361,2026-08-03,Male,0,No,No,63,Yes,Yes,No,No internet service,No internet service,No internet service,No internet service,No internet service,No internet service,Two year,No,Electronic check,18.25,1149.75,  BBVA 
RET-0362,2026-08-03,Female,1,No,Yes,16,Yes,Yes,No,No internet service,No internet service,No internet service,No internet service,No internet service,No internet service,Month-to-month,Yes,Electronic check,18.25,292.0,Bancolombia S.A.
RET-0363,2026-08-03,Female,0,Yes,No,0,Yes,Yes,Fiber optic,Yes,Yes,Yes,No,No,No,One year,No,Credit card (automatic),108.49,0.0,Bancolombia
RET-0364,2026-08-03,Female,1,No,No,0,Yes,Yes,No,No internet service,No internet service,No internet service,No internet service,No internet service,No internet service,Month-to-month,No,Credit card (automatic),52.09,0.0,Bancolombia
RET-0365,2026-08-03,Male,1,No,Yes,31,Yes,No,DSL,Yes,Yes,Yes,No,No,No,One year,Yes,Electronic check,96.21,2982.51,Davivienda
RET-0366,2026-08-03,Female,1,Yes,Yes,52,Yes,Yes,No,No internet service,No internet service,No internet service,No internet service,No internet service,No internet service,Two year,Yes,Bank transfer (automatic),42.97,2234.44,BBVA
RET-0367,2026-08-03,Male,0,No,Yes,39,Yes,No,DSL,No,No,Yes,No,Yes,No,One year,Yes,Bank transfer (automatic),19.81,772.59,BBVA
RET-0368,2026-08-03,Male,0,Yes,No,56,No,No phone service,No,No internet service,No internet service,No internet service,No internet service,No internet service,No internet service,Month-to-month,Yes,Bank transfer (automatic),113.6,6361.6,Davivienda
RET-0369,2026-08-03,Female,1,Yes,No,36,No,No phone service,No,No internet service,No internet service,No internet service,No internet service,No internet service,No internet service,Two year,Yes,Mailed check,42.28,1522.08,BBVA
RET-0370,2026-08-03,Male,0,No,No,27,No,No phone service,Fiber optic,Yes,No,No,Yes,No,Yes,Month-to-month,No,Credit card (automatic),76.94,2077.38,Bancolombia
RET-0371,2026-08-03,Male,0,No,Yes,26,Yes,Yes,No,No internet service,No internet service,No internet service,No internet service,No internet service,No internet service,Month-to-month,No,Bank transfer (automatic),68.69,1785.94,Banco de Bogota
RET-0372,2026-08-03,Male,0,No,No,32,No,No phone service,Fiber optic,Yes,Yes,No,No,Yes,Yes,Two year,Yes,Credit card (automatic),46.61,1491.52,BBVA
RET-0373,2026-08-03,Female,0,Yes,No,38,No,No phone service,Fiber optic,No,No,No,No,Yes,No,Month-to-month,Yes,Bank transfer (automatic),37.31,1417.78,Banco de Bogota
RET-0374,2026-08-03,Male,0,Yes,No,27,No,No phone service,No,No internet service,No internet service,No internet service,No internet service,No internet service,No internet service,Month-to-month,Yes,Mailed check,91.98,2483.46,
RET-0375,2026-08-03,Male,0,Yes,Yes,28,Yes,Yes,No,No internet service,No internet service,No internet service,No internet service,No internet service,No internet service,Two year,Yes,Mailed check,78.95,2210.6,Scotiabank
RET-0376,2026-08-03,Male,0,Yes,Yes,30,Yes,Yes,Fiber optic,Yes,Yes,No,No,Yes,No,Month-to-month,Yes,Mailed check,83.58,2507.4,Bancolombia
RET-0377,2026-08-03,Female,0,No,No,46,Yes,No,DSL,Yes,No,No,Yes,Yes,No,Two year,Yes,Credit card (automatic),85.62,3938.52,Banco de Bogota
RET-0378,2026-08-03,Female,0,No,Yes,25,No,No phone service,No,No internet service,No internet service,No internet service,No internet service,No internet service,No internet service,Month-to-month,Yes,Credit card (automatic),89.74,2243.5,BBVA
RET-0379,2026-08-03,Female,0,Yes,No,39,Yes,No,DSL,Yes,No,No,No,No,Yes,Month-to-month,No,Electronic check,96.35,3757.65,Bancolombia
RET-0380,2026-08-03,Female,0,Yes,Yes,61,Yes,No,No,No internet service,No internet service,No internet service,No internet service,No internet service,No internet service,One year,No,Bank transfer (automatic),60.64,3699.04,Banco de Bogota
RET-0381,2026-08-03,Female,0,No,Yes,55,Yes,No,Fiber optic,Yes,Yes,No,No,No,No,Two year,Yes,Bank transfer (automatic),69.25,3808.75,Davivienda
RET-0382,2026-08-03,Male,0,Yes,No,36,Yes,No,Fiber optic,No,No,Yes,No,Yes,Yes,Two year,Yes,Bank transfer (automatic),54.16,1949.76,Banco de Bogota
RET-0383,2026-08-03,Male,0,No,No,61,Yes,Yes,DSL,No,Yes,No,Yes,Yes,No,Two year,Yes,Bank transfer (automatic),56.9,,Scotiabank
RET-0384,2026-08-03,Female,0,Yes,Yes,44,No,No phone service,No,No internet service,No internet service,No internet service,No internet service,No internet service,No internet service,Month-to-month,Yes,Mailed check,87.17,3835.48,Davivienda
RET-0385,2026-08-03,Female,1,Yes,Yes,26,No,No phone service,DSL,No,No,Yes,Yes,Yes,Yes,Two year,Yes,Electronic check,65.19,1694.94,Bancolombia
RET-0374,2026-08-03,Male,0,Yes,No,27,No,No phone service,No,No internet service,No internet service,No internet service,No internet service,No internet service,No internet service,Month-to-month,Yes,Mailed check,96.48,2483.46,
RET-0386,2026-08-10,Female,1,Yes,No,30,No,No phone service,DSL,Yes,No,No,No,Yes,Yes,Two year,Yes,Credit card (automatic),24.63,738.9,Scotiabank
RET-0387,2026-08-10,Female,1,No,Yes,47,No,No phone service,No,No internet service,No internet service,No internet service,No internet service,No internet service,No internet service,One year,No,Credit card (automatic),115.99,5451.53,Scotiabank
RET-0388,2026-08-10,Female,1,No,No,84,Yes,Yes,No,No internet service,No internet service,No internet service,No internet service,No internet service,No internet service,One year,Yes,Mailed check,62.96,5288.64,Scotiabank
RET-0389,2026-08-10,Male,1,Yes,Yes,61,No,No phone service,No,No internet service,No internet service,No internet service,No internet service,No internet service,No internet service,Month-to-month,No,Mailed check,66.07,4030.27,Banco de Bogota
RET-0390,2026-08-10,Male,0,Yes,Yes,74,No,No phone service,No,No internet service,No internet service,No internet service,No internet service,No internet service,No internet service,Two year,Yes,Mailed check,50.33,3724.42,BANCOLOMBIA
RET-0391,2026-08-10,Male,0,Yes,Yes,47,Yes,No,DSL,Yes,Yes,No,Yes,No,No,Two year,No,Credit card (automatic),56.33,2647.51,BBVA
RET-0392,2026-08-10,Male,0,No,Yes,31,No,No phone service,No,No internet service,No internet service,No internet service,No internet service,No internet service,No internet service,Month-to-month,Yes,Credit card (automatic),80.3,2489.3,Davivienda
RET-0393,2026-08-10,Male,0,No,No,30,Yes,Yes,No,No internet service,No internet service,No internet service,No internet service,No internet service,No internet service,Two year,Yes,Bank transfer (automatic),69.83,2094.9,Davivienda
RET-0394,2026-08-10,Male,0,Yes,No,51,Yes,Yes,No,No internet service,No internet service,No internet service,No internet service,No internet service,No internet service,Two year,No,Mailed check,59.42,3030.42,bancolombia
RET-0395,2026-08-10,Male,1,No,No,61,Yes,Yes,Fiber optic,No,Yes,Yes,Yes,No,No,Two year,No,Bank transfer (automatic),83.96,5121.56,BCO BOGOTA
RET-0396,2026-08-10,Male,0,Yes,Yes,28,No,No phone service,DSL,Yes,Yes,No,Yes,Yes,No,Two year,Yes,Mailed check,153.49,4297.72,Scotiabank
RET-0397,2026-08-10,Male,0,Yes,Yes,32,Yes,Yes,No,No internet service,No internet service,No internet service,No internet service,No internet service,No internet service,Two year,No,Credit card (automatic),77.21,2470.72,BBVA
RET-0398,2026-08-10,Female,0,Yes,Yes,36,Yes,Yes,Fiber optic,No,No,Yes,No,No,Yes,Two year,No,Credit card (automatic),52.95,1906.2,BBVA
RET-0399,2026-08-10,Female,0,No,No,8,No,No phone service,Fiber optic,No,Yes,Yes,No,No,Yes,Month-to-month,No,Credit card (automatic),32.45,259.6,Bancolombia
RET-0400,2026-08-10,Female,0,No,No,57,Yes,Yes,Fiber optic,Yes,Yes,No,No,Yes,No,Two year,No,Mailed check,59.11,3369.27,BANCOLOMBIA
RET-0401,2026-08-10,Female,1,Yes,No,58,Yes,No,DSL,No,No,Yes,Yes,Yes,No,Month-to-month,Yes,Bank transfer (automatic),59.69,3462.02,Bancolombia
RET-0402,2026-08-10,Male,0,No,Yes,64,No,No phone service,Fiber optic,No,No,No,Yes,Yes,Yes,Two year,Yes,Mailed check,72.07,4612.48,Banco de Bogota
RET-0403,2026-08-10,Male,1,No,Yes,55,Yes,No,No,No internet service,No internet service,No internet service,No internet service,No internet service,No internet service,One year,Yes,Electronic check,97.34,5353.7,Davivienda
RET-0404,2026-08-10,Male,0,Yes,No,64,Yes,No,Fiber optic,No,No,No,Yes,No,No,One year,Yes,Credit card (automatic),68.05,4355.2,BBVA
RET-0405,2026-08-10,Female,0,No,Yes,24,No,No phone service,Fiber optic,No,Yes,Yes,Yes,No,Yes,Two year,No,Mailed check,18.25,438.0,BANCOLOMBIA
RET-0406,2026-08-10,Female,0,No,Yes,12,Yes,No,Fiber optic,No,No,Yes,No,Yes,Yes,Two year,Yes,Credit card (automatic),83.34,1000.08,BANCOLOMBIA
RET-0407,2026-08-10,Female,1,Yes,Yes,26,Yes,No,No,No internet service,No internet service,No internet service,No internet service,No internet service,No internet service,One year,Yes,Bank transfer (automatic),113.9,2961.4,Davivienda
RET-0408,2026-08-10,Male,0,No,No,33,No,No phone service,Fiber optic,Yes,No,Yes,Yes,No,No,Month-to-month,No,Credit card (automatic),52.99,1748.67,BBVA
RET-0409,2026-08-10,Male,1,No,No,34,No,No phone service,Fiber optic,Yes,Yes,No,Yes,Yes,Yes,Month-to-month,No,Electronic check,64.69,2199.46,BBVA
RET-0410,2026-08-10,Female,1,Yes,Yes,52,Yes,No,Fiber optic,Yes,No,Yes,No,Yes,Yes,Two year,No,Credit card (automatic),115.8,6021.6,
RET-0411,2026-08-10,Female,1,Yes,No,46,Yes,Yes,Fiber optic,No,Yes,Yes,Yes,No,Yes,Two year,No,Credit card (automatic),95.05,4372.3,Bancolombia
RET-0412,2026-08-10,Male,1,Yes,Yes,45,Yes,Yes,DSL,Yes,No,No,Yes,No,No,One year,Yes,Bank transfer (automatic),87.02,3915.9,Davivienda
RET-0413,2026-08-10,Male,0,No,No,65,Yes,Yes,DSL,No,Yes,Yes,No,Yes,No,Two year,Yes,Bank transfer (automatic),96.74,6288.1,Bancolombia
RET-0414,2026-08-10,Male,0,Yes,Yes,29,No,No phone service,Fiber optic,No,No,No,Yes,Yes,Yes,One year,No,Mailed check,71.84,2083.36,Scotiabank
RET-0415,2026-08-10,Male,0,Yes,Yes,45,No,No phone service,No,No internet service,No internet service,No internet service,No internet service,No internet service,No internet service,One year,No,Electronic check,100.85,4538.25,Davivienda
RET-0416,2026-08-10,Female,1,Yes,Yes,66,No,No phone service,No,No internet service,No internet service,No internet service,No internet service,No internet service,No internet service,Month-to-month,Yes,Bank transfer (automatic),32.64,2154.24,Bancolombia S.A.
RET-0417,2026-08-10,Female,0,Yes,No,13,No,No phone service,DSL,No,No,Yes,Yes,Yes,No,One year,No,Mailed check,97.27,1264.51,Davivienda
RET-0418,2026-08-10,Male,0,Yes,No,22,No,No phone service,Fiber optic,Yes,Yes,Yes,No,Yes,No,One year,Yes,Electronic check,46.63,1025.86,Davivienda
RET-0419,2026-08-10,Male,0,No,Yes,42,No,No phone service,Fiber optic,No,Yes,Yes,Yes,Yes,No,Month-to-month,No,Bank transfer (automatic),47.45,1992.9,bancolombia
RET-0420,2026-08-10,Female,1,No,Yes,62,No,No phone service,Fiber optic,No,Yes,No,Yes,Yes,Yes,Month-to-month,Yes,Credit card (automatic),30.71,1904.02,davivienda
RET-0421,2026-08-10,Female,1,Yes,Yes,58,Yes,Yes,DSL,No,No,Yes,No,Yes,Yes,One year,No,Mailed check,44.98,2608.84,Banco de Bogota
RET-0422,2026-08-10,Male,1,No,Yes,68,No,No phone service,No,No internet service,No internet service,No internet service,No internet service,No internet service,No internet service,One year,No,Bank transfer (automatic),97.51,6630.68,Scotiabank
RET-0423,2026-08-10,Male,0,Yes,No,37,No,No phone service,No,No internet service,No internet service,No internet service,No internet service,No internet service,No internet service,Two year,No,Credit card (automatic),34.15,1263.55,Bancolombia
RET-0424,2026-08-10,Female,0,No,No,34,No,No phone service,Fiber optic,No,No,Yes,No,Yes,Yes,One year,No,Bank transfer (automatic),36.86,1253.24,BCO BOGOTA
RET-0425,2026-08-10,Male,0,Yes,Yes,41,No,No phone service,No,No internet service,No internet service,No internet service,No internet service,No internet service,No internet service,One year,Yes,Electronic check,86.42,3543.22,007
RET-0426,2026-08-10,Male,0,No,No,59,No,No phone service,DSL,Yes,No,Yes,No,Yes,Yes,Month-to-month,Yes,Electronic check,76.75,4528.25,BBVA
RET-0427,2026-08-10,Female,0,No,Yes,82,No,No phone service,Fiber optic,No,Yes,Yes,Yes,Yes,No,One year,No,Electronic check,91.6,7511.2,Davivienda
RET-0428,2026-08-10,Male,0,No,No,14,Yes,No,DSL,Yes,Yes,No,Yes,No,No,Two year,No,Electronic check,117.03,1638.42,Scotiabank
RET-0429,2026-08-10,Male,0,No,Yes,40,No,No phone service,No,No internet service,No internet service,No internet service,No internet service,No internet service,No internet service,One year,No,Electronic check,106.78,4271.2,Scotiabank
RET-0430,2026-08-10,Female,0,No,Yes,64,Yes,Yes,DSL,Yes,Yes,No,Yes,No,Yes,Month-to-month,No,Credit card (automatic),82.95,5308.8,Davivienda
RET-0431,2026-08-10,Male,0,Yes,Yes,61,Yes,No,Fiber optic,Yes,No,Yes,No,No,No,One year,No,Bank transfer (automatic),60.67,3700.87,Scotiabank
RET-0432,2026-08-10,Male,0,No,No,58,Yes,Yes,DSL,Yes,Yes,No,No,Yes,No,Two year,No,Credit card (automatic),61.76,3582.08,007
RET-0433,2026-08-10,Female,0,No,Yes,64,No,No phone service,Fiber optic,No,Yes,Yes,Yes,Yes,Yes,Month-to-month,Yes,Electronic check,70.78,4529.92,bancolombia
RET-0434,2026-08-10,Female,0,Yes,No,56,Yes,No,DSL,Yes,No,Yes,No,No,Yes,Month-to-month,No,Mailed check,77.76,4354.56,Bancolombia
RET-0435,2026-08-10,Male,0,No,No,7,No,No phone service,DSL,Yes,No,Yes,No,No,No,Month-to-month,No,Mailed check,83.59,585.13,Davivienda
RET-0436,2026-08-10,Female,0,No,No,65,No,No phone service,Fiber optic,No,No,No,Yes,No,Yes,Month-to-month,No,Bank transfer (automatic),61.22,3979.3,Bancolombia
RET-0437,2026-08-10,Female,0,No,Yes,70,Yes,Yes,Fiber optic,Yes,Yes,No,No,No,Yes,Month-to-month,Yes,Mailed check,23.19,1623.3,Banco de Bogota
RET-0438,2026-08-10,Female,1,No,No,34,Yes,Yes,DSL,No,No,No,Yes,Yes,Yes,Two year,No,Credit card (automatic),81.74,2779.16,Bancolombia
RET-0439,2026-08-10,Female,1,No,Yes,66,No,No phone service,DSL,No,Yes,No,Yes,No,No,Two year,No,Mailed check,34.38,2269.08,Davivienda
RET-0440,2026-08-10,Male,0,No,No,41,No,No phone service,No,No internet service,No internet service,No internet service,No internet service,No internet service,No internet service,Two year,Yes,Electronic check,81.01,3321.41,BCO BOGOTA
RET-0441,2026-08-10,Male,1,No,Yes,41,Yes,Yes,DSL,No,Yes,No,Yes,No,No,Two year,Yes,Electronic check,48.49,1988.09,Banco de Bogota
RET-0442,2026-08-10,Female,0,Yes,Yes,15,No,No phone service,Fiber optic,No,No,Yes,Yes,No,Yes,Two year,Yes,Credit card (automatic),91.92,1378.8,Bancolombia
RET-0443,2026-08-10,Female,1,Yes,No,16,Yes,No,Fiber optic,Yes,Yes,No,No,Yes,Yes,Month-to-month,Yes,Electronic check,,1086.24,Bancolombia
RET-0444,2026-08-10,Male,0,No,No,38,No,No phone service,No,No internet service,No internet service,No internet service,No internet service,No internet service,No internet service,Two year,Yes,Credit card (automatic),56.23,2136.74,Davivienda
RET-0445,2026-08-10,Female,0,No,Yes,20,No,No phone service,Fiber optic,No,Yes,No,Yes,No,Yes,Two year,No,Electronic check,64.99,1299.8,Davivienda
RET-0446,2026-08-10,Male,0,Yes,Yes,0,No,No phone service,No,No internet service,No internet service,No internet service,No internet service,No internet service,No internet service,Month-to-month,No,Bank transfer (automatic),89.76,0.0,Bancolombia
RET-0447,2026-08-10,Female,0,Yes,No,49,Yes,Yes,Fiber optic,Yes,No,Yes,Yes,No,No,One year,No,Credit card (automatic),112.92,5533.08,Scotiabank
RET-0448,2026-08-10,Male,1,Yes,Yes,61,No,No phone service,No,No internet service,No internet service,No internet service,No internet service,No internet service,No internet service,One year,Yes,Credit card (automatic),104.47,6372.67,Banco de Bogota
RET-0449,2026-08-10,Male,0,Yes,Yes,73,Yes,No,Fiber optic,No,Yes,No,Yes,Yes,No,Two year,Yes,Credit card (automatic),43.7,3190.1,Davivienda
RET-0450,2026-08-10,Male,0,No,Yes,8,Yes,Yes,Fiber optic,No,No,Yes,No,Yes,No,Month-to-month,Yes,Bank transfer (automatic),97.66,781.28,Davivienda
RET-0451,2026-08-10,Male,0,Yes,No,13,No,No phone service,DSL,No,Yes,No,No,No,Yes,One year,Yes,Electronic check,85.38,1109.94,Banco de Bogota
RET-0452,2026-08-10,Female,0,No,No,49,No,No phone service,DSL,Yes,No,No,No,No,No,One year,No,Credit card (automatic),52.48,2571.52,Banco de Bogota
RET-0453,2026-08-10,Male,0,Yes,Yes,32,No,No phone service,No,No internet service,No internet service,No internet service,No internet service,No internet service,No internet service,Two year,No,Bank transfer (automatic),59.54,1905.28,Banco de Bogota
RET-0454,2026-08-10,Male,1,Yes,Yes,0,Yes,No,DSL,Yes,Yes,Yes,No,No,No,Month-to-month,Yes,Credit card (automatic),60.74,0.0,Davivienda
RET-0455,2026-08-10,Female,0,Yes,No,22,No,No phone service,Fiber optic,No,No,Yes,Yes,Yes,Yes,Two year,No,Mailed check,66.87,1471.14,Banco de Bogota
RET-0456,2026-08-10,Male,0,Yes,No,75,Yes,Yes,Fiber optic,No,Yes,Yes,No,Yes,Yes,One year,No,Credit card (automatic),100.78,7558.5,Scotiabank
RET-0457,2026-08-10,Female,0,No,No,83,Yes,Yes,DSL,No,Yes,No,Yes,No,Yes,Two year,Yes,Electronic check,31.87,2645.21,BBVA
RET-0458,2026-08-10,Male,1,Yes,No,43,No,No phone service,No,No internet service,No internet service,No internet service,No internet service,No internet service,No internet service,One year,No,Electronic check,83.06,3571.58,BBVA
RET-0459,2026-08-10,Male,0,No,No,20,Yes,Yes,DSL,No,No,No,No,No,Yes,Two year,No,Mailed check,62.36,1247.2,Banco de Bogota
RET-0460,2026-08-10,Female,0,Yes,No,38,No,No phone service,DSL,No,No,Yes,Yes,No,Yes,Month-to-month,Yes,Electronic check,105.27,,Banco de Bogota
RET-0461,2026-08-10,Female,0,Yes,Yes,47,Yes,Yes,DSL,Yes,Yes,Yes,Yes,Yes,No,One year,No,Mailed check,61.83,2906.01,BBVA
RET-0462,2026-08-10,Male,0,Yes,Yes,44,Yes,No,DSL,No,No,Yes,Yes,No,Yes,Two year,No,Electronic check,80.54,3543.76,Scotiabank
RET-0463,2026-08-10,Female,0,Yes,No,62, No ,No phone service,Fiber optic,Yes,No,No,No,No,Yes,One year,Yes,Electronic check,47.51,2945.62,Davivienda
RET-0464,2026-08-10,Female,0,Yes,No,47,No,No phone service,DSL,Yes,Yes,No,No,Yes,No,One year,No,Electronic check,94.56,4444.32,Banco de Bogota
RET-0465,2026-08-10,Male,0,No,No,50,No,No phone service,Fiber optic,Yes,No,No,Yes,No,No,Two year,Yes,Electronic check,90.84,4542.0,Scotiabank
RET-0466,2026-08-10,Female,0,No,Yes,39,No,No phone service,Fiber optic,Yes,Yes,No,Yes,No,Yes,Month-to-month,No,Bank transfer (automatic),32.13,1253.07,BBVA
RET-0467,2026-08-10,Male,0,No,No,39,No,No phone service,Fiber optic,No,Yes,No,No,No,Yes,Two year,No,Bank transfer (automatic),87.99,3431.61,Bancolombia
RET-0468,2026-08-10,Female,0,No,No,54,Yes,Yes,DSL,Yes,Yes,No,No,Yes,Yes,Two year,No,Bank transfer (automatic),18.25,985.5,Banco de Bogota
RET-0469,2026-08-10,Male,0,No,Yes,44,Yes,No,Fiber optic,No,Yes,Yes,Yes,Yes,Yes,Two year,No,Electronic check,79.44,3495.36,Bancolombia
RET-0470,2026-08-10,Female,0,Yes,Yes,53,Yes,Yes,DSL,Yes,No,Yes,No,No,No,Month-to-month,No,Electronic check,90.98,4821.94,BBVA
RET-0434,2026-08-10,Female,0,Yes,No,56,Yes,No,DSL,Yes,No,Yes,No,No,Yes,Month-to-month,No,Mailed check,82.26,4354.56,Bancolombia
RET-0471,2026-08-17,Male,0,Yes,No,38,No,No phone service,Fiber optic,No,Yes,No,Yes,Yes,No,Month-to-month,No,Electronic check,91.76,3486.88,BANCOLOMBIA
RET-0472,2026-08-17,Male,0,No,Yes,43,Yes,No,Fiber optic,No,Yes,No,No,Yes,Yes,One year,Yes,Electronic check,57.59,2476.37,Scotiabank
RET-0473,2026-08-17,Male,0,No,Yes,57,No,No phone service,Fiber optic,Yes,Yes,No,No,Yes,Yes,One year,Yes,Credit card (automatic),98.83,5633.31,Bancolombia S.A.
RET-0474,2026-08-17,Female,0,Yes,No,50,Yes,Yes,Fiber optic,Yes,Yes,No,Yes,No,Yes,One year,No,Electronic check,108.34,5417.0,Scotiabank
RET-0475,2026-08-17,Male,0,Yes,Yes,69,No,No phone service,Fiber optic,Yes,No,Yes,No,Yes,Yes,Two year,Yes,Electronic check,115.48,7968.12,Davivienda
RET-0476,2026-08-17,Female,0,Yes,No,31,Yes,No,DSL,No,Yes,No,Yes,No,Yes,Two year,No,Mailed check,116.14,3600.34,Davivienda
RET-0477,2026-08-17,Female,0,Yes,Yes,54,No,No phone service,DSL,No,Yes,Yes,No,Yes,No,Month-to-month,Yes,Electronic check,90.05,4862.7,Bancolombia
RET-0478,2026-08-17,Male,1,Yes,No,44,No,No phone service,DSL,No,No,Yes,No,No,Yes,Month-to-month,No,Mailed check,87.7,,Davivienda
RET-0479,2026-08-17,Male,0,No,Yes,61,No,No phone service,No,No internet service,No internet service,No internet service,No internet service,No internet service,No internet service,Two year,No,Mailed check,114.89,7008.29,Bancolombia S.A.
RET-0480,2026-08-17,Female,0,No,No,33,Yes,Yes,No,No internet service,No internet service,No internet service,No internet service,No internet service,No internet service,One year,Yes,Bank transfer (automatic),66.14,2182.62,Scotiabank
RET-0481,2026-08-17,Female,0,Yes,No,84,No,No phone service,DSL,Yes,No,No,Yes,No,No,One year,No,Electronic check,133.81,11240.04,
RET-0482,2026-08-17,Male,0,Yes,No,25,No,No phone service,No,No internet service,No internet service,No internet service,No internet service,No internet service,No internet service,One year,No,Mailed check,124.98,3124.5,BCO BOGOTA
RET-0483,2026-08-17,Male,0,Yes,Yes,17,Yes,Yes,No,No internet service,No internet service,No internet service,No internet service,No internet service,No internet service,Two year,No,Mailed check,56.0,952.0,Banco de Bogota
RET-0484,2026-08-17,Female,0,No,Yes,31,Yes,Yes,Fiber optic,Yes,No,Yes,Yes,No,Yes,Two year,No,Bank transfer (automatic),49.53,1535.43,Bancolombia
RET-0485,2026-08-17,Male,0,Yes,Yes,33,No,No phone service,DSL,No,No,No,Yes,No,Yes,Two year,No,Mailed check,98.31,3244.23,Scotiabank
RET-0486,2026-08-17,Male,1,Yes,No,48,Yes,No,Fiber optic,No,Yes,Yes,Yes,No,No,Month-to-month,No,Bank transfer (automatic),87.05,4178.4,Banco de Bogota
RET-0487,2026-08-17,Female,0,No,Yes,62,No,No phone service,Fiber optic,No,Yes,Yes,Yes,No,Yes,One year,Yes,Mailed check,89.36,5540.32,Banco de Bogota
RET-0488,2026-08-17,Female,1,Yes,Yes,55,No,No phone service,Fiber optic,No,Yes,Yes,No,Yes,No,One year,No,Electronic check,82.46,4535.3,Scotiabank
RET-0489,2026-08-17,Male,0,Yes,Yes,70,No,No phone service,DSL,Yes,Yes,Yes,Yes,No,Yes,Month-to-month,No,Electronic check,77.87,5450.9,Banco de Bogota
RET-0490,2026-08-17,Female,0,No,Yes,60,Yes,Yes,DSL,No,No,Yes,Yes,Yes,Yes,Month-to-month,Yes,Bank transfer (automatic),105.73,6343.8,Bancolombia
RET-0491,2026-08-17,Male,0,No,No,60,Yes,Yes,Fiber optic,Yes,Yes,No,No,Yes,Yes,Two year,Yes,Electronic check,116.35,6981.0,Scotiabank
RET-0492,2026-08-17,Female,0,No,Yes,65,No,No phone service,DSL,No,Yes,No,No,No,Yes,Month-to-month,Yes,Credit card (automatic),65.1,4231.5,BANCOLOMBIA
RET-0493,2026-08-17,Male,0,No,Yes,56,No,No phone service,DSL,Yes,Yes,Yes,No,Yes,No,Month-to-month,Yes,Credit card (automatic),119.14,6671.84,BBVA
RET-0494,2026-08-17,Male,1,Yes,Yes,67,Yes,Yes,No,No internet service,No internet service,No internet service,No internet service,No internet service,No internet service,One year,No,Mailed check,83.0,5561.0,Scotiabank
RET-0495,2026-08-17,Male,0,Yes,Yes,53,Yes,No,Fiber optic,Yes,Yes,No,Yes,Yes,No,One year,No,Electronic check,74.5,3948.5,Bancolombia
RET-0496,2026-08-17,Male,0,No,No,60,No,No phone service,No,No internet service,No internet service,No internet service,No internet service,No internet service,No internet service,Two year,No,Bank transfer (automatic),67.01,4020.6,BCO BOGOTA
RET-0497,2026-08-17,Male,0,Yes,Yes,41,No,No phone service,DSL,No,Yes,No,Yes,No,Yes,Month-to-month,Yes,Credit card (automatic),109.51,4489.91,Scotiabank
RET-0498,2026-08-17,Male,1,Yes,No,52,No,No phone service,DSL,Yes,Yes,No,No,Yes,No,Month-to-month,No,Bank transfer (automatic),104.52,5435.04,Banco de Bogota
RET-0499,2026-08-17,Female,1,Yes,Yes,58,Yes,No,No,No internet service,No internet service,No internet service,No internet service,No internet service,No internet service,One year,No,Bank transfer (automatic),77.2,4477.6,davivienda
RET-0500,2026-08-17,Male,0,Yes,Yes,41,Yes,Yes,DSL,No,Yes,No,No,No,No,Two year,No,Credit card (automatic),78.35,3212.35,davivienda
RET-0501,2026-08-17,Male,1,No,No,72,Yes,No,Fiber optic,No,Yes,No,Yes,Yes,Yes,One year,Yes,Bank transfer (automatic),95.06,6844.32,Bancolombia
RET-0502,2026-08-17,Female,0,Yes,Yes,58,Yes,No,Fiber optic,Yes,Yes,Yes,No,Yes,Yes,Two year,Yes,Credit card (automatic),113.44,6579.52,
RET-0503,2026-08-17,Male,0,No,Yes,48,No,No phone service,Fiber optic,No,Yes,No,Yes,No,Yes,Month-to-month,No,Electronic check,95.18,4568.64,Bancolombia S.A.
RET-0504,2026-08-17,Male,0,No,Yes,61,No,No phone service,Fiber optic,Yes,No,No,Yes,No,Yes,Two year,No,Electronic check,89.28,5446.08,Bancolombia
RET-0505,2026-08-17,Male,1,No,No,74,No,No phone service,DSL,No,Yes,Yes,Yes,No,Yes,Two year,No,Bank transfer (automatic),112.91,8355.34,Scotiabank
RET-0506,2026-08-17,Male,1,Yes,Yes,60,No,No phone service,DSL,Yes,Yes,No,No,Yes,No,One year,No,Electronic check,103.05,6183.0,  BBVA 
RET-0507,2026-08-17,Female,0,Yes,Yes,23,No,No phone service,No,No internet service,No internet service,No internet service,No internet service,No internet service,No internet service,Month-to-month,No,Bank transfer (automatic),92.34,2123.82,bancolombia
RET-0508,2026-08-17,Female,0,No, Yes ,36,No,No phone service,No,No internet service,No internet service,No internet service,No internet service,No internet service,No internet service,Month-to-month,Yes,Bank transfer (automatic),89.06,3206.16,Bancolombia
RET-0509,2026-08-17,Female,0,No,Yes,38,No,No phone service,No,No internet service,No internet service,No internet service,No internet service,No internet service,No internet service,One year,Yes,Mailed check,91.53,3478.14,
RET-0510,2026-08-17,Female,1,No,Yes,53,Yes,No,DSL,Yes,Yes,No,No,Yes,Yes,Two year,Yes,Bank transfer (automatic),81.5,4319.5,Bancolombia
RET-0511,2026-08-17,Female,0,No,No,36,Yes,No,Fiber optic,No,No,No,Yes,Yes,No,Two year,No,Credit card (automatic),86.67,3120.12,Scotiabank
RET-0512,2026-08-17,Male,1,No,No,58,No,No phone service,No,No internet service,No internet service,No internet service,No internet service,No internet service,No internet service,One year,No,Credit card (automatic),84.72,4913.76,Davivienda
RET-0513,2026-08-17,Male,0,Yes,Yes,47,Yes,Yes,DSL,Yes,Yes,No,Yes,No,Yes,Two year,Yes,Credit card (automatic),,4183.0,Davivienda
RET-0514,2026-08-17,Male,1,No,Yes,61,Yes,No,Fiber optic,No,No,Yes,Yes,No,Yes,Month-to-month,Yes,Mailed check,71.75,4376.75,BCO BOGOTA
RET-0515,2026-08-17,Female,1,Yes,Yes,69,No,No phone service,No,No internet service,No internet service,No internet service,No internet service,No internet service,No internet service,Month-to-month,Yes,Bank transfer (automatic),72.5,5002.5,BBVA
RET-0516,2026-08-17,Female,0,Yes,Yes,55,No,No phone service,No,No internet service,No internet service,No internet service,No internet service,No internet service,No internet service,One year,No,Credit card (automatic),48.33,2658.15,
RET-0517,2026-08-17,Male,0,No,Yes,42,No,No phone service,DSL,No,No,Yes,No,No,No,Month-to-month,Yes,Bank transfer (automatic),111.25,4672.5,Davivienda
RET-0518,2026-08-17,Male,1,Yes,No,34,Yes,No,Fiber optic,No,No,Yes,Yes,No,Yes,Two year,No,Mailed check,103.93,3533.62,BCO BOGOTA
RET-0519,2026-08-17,Female,0,Yes,No,66,No,No phone service,DSL,No,No,No,Yes,Yes,No,Month-to-month,No,Credit card (automatic),84.17,5555.22,Davivienda
RET-0520,2026-08-17,Female,0,No,No,67,Yes,Yes,Fiber optic,No,No,No,Yes,No,No,Month-to-month,No,Mailed check,41.2,2760.4,Scotiabank
RET-0521,2026-08-17,Female,0,No,Yes,77,Yes,No,DSL,Yes,No,No,No,Yes,Yes,Two year,Yes,Electronic check,115.35,8881.95,Scotiabank
RET-0522,2026-08-17,Male,0,Yes,No,49,Yes,Yes,DSL,No,Yes,Yes,No,No,Yes,One year,No,Bank transfer (automatic),117.83,5773.67,Banco de Bogota
RET-0523,2026-08-17,Male,1,No,Yes,74,Yes,Yes,Fiber optic,Yes,No,No,No,No,No,One year,No,Electronic check,117.26,8677.24,BBVA
RET-0524,2026-08-17,Male,0,Yes,No,32,No,No phone service,Fiber optic,Yes,Yes,Yes,No,Yes,Yes,Month-to-month,Yes,Electronic check,49.69,1590.08,Scotiabank
RET-0525,2026-08-17,Male,1,No,Yes,35,No,No phone service,No,No internet service,No internet service,No internet service,No internet service,No internet service,No internet service,Month-to-month,No,Credit card (automatic),31.27,1094.45,Banco de Bogota
RET-0526,2026-08-17,Female,1,No,No,63,No,No phone service,DSL,No,Yes,No,No,Yes,Yes,Two year,No,Mailed check,90.52,5702.76,  BBVA 
RET-0527,2026-08-17,Male,0,Yes,Yes,44,Yes,Yes,DSL,No,No,Yes,Yes,Yes,No,Two year,Yes,Credit card (automatic),120.81,5315.64,bancolombia
RET-0528,2026-08-17,Male,1,Yes,No,59,No,No phone service,No,No internet service,No internet service,No internet service,No internet service,No internet service,No internet service,One year,No,Mailed check,71.65,4227.35,Banco de Bogota
RET-0529,2026-08-17,Male,0,Yes,No,33,Yes,No,No,No internet service,No internet service,No internet service,No internet service,No internet service,No internet service,One year,No,Bank transfer (automatic),98.94,3265.02,Bancolombia
RET-0530,2026-08-17,Male,0,Yes,No,62,Yes,No,Fiber optic,Yes,Yes,Yes,Yes,Yes,No,Month-to-month,Yes,Mailed check,113.71,7050.02,Banco de Bogota
RET-0531,2026-08-17,Male,0,No,No,41,No,No phone service,Fiber optic,Yes,No,No,Yes,No,Yes,Month-to-month,Yes,Credit card (automatic),69.44,2847.04,Davivienda
RET-0532,2026-08-17,Female,0,No,No,80,No,No phone service,DSL,Yes,No,Yes,No,No,No,One year,No,Bank transfer (automatic),125.36,10028.8,  BBVA 
RET-0533,2026-08-17,Male,0,No,No,41,No,No phone service,Fiber optic,Yes,Yes,No,No,No,No,Two year,No,Mailed check,127.15,5213.15,Banco de Bogota
RET-0534,2026-08-17,Female,0,No,No,56,No,No phone service,DSL,No,No,No,Yes,Yes,No,Two year,No,Mailed check,102.2,5723.2,Scotiabank
RET-0535,2026-08-17,Male,0,Yes,No,29,Yes,Yes,No,No internet service,No internet service,No internet service,No internet service,No internet service,No internet service,One year,Yes,Electronic check,121.38,3520.02,Scotiabank
RET-0536,2026-08-17,Male,0,Yes,Yes,34,No,No phone service,Fiber optic,No,Yes,Yes,Yes,Yes,Yes,One year,Yes,Bank transfer (automatic),122.23,4155.82,Scotiabank
RET-0537,2026-08-17,Male,0,No,No,41,No,No phone service,No,No internet service,No internet service,No internet service,No internet service,No internet service,No internet service,Month-to-month,Yes,Electronic check,22.05,904.05,Davivienda
RET-0538,2026-08-17,Male,0,No,Yes,64,Yes,No,No,No internet service,No internet service,No internet service,No internet service,No internet service,No internet service,Month-to-month,No,Mailed check,87.2,5580.8,
RET-0539,2026-08-17,Female,0,No,No,72,No,No phone service,No,No internet service,No internet service,No internet service,No internet service,No internet service,No internet service,One year,No,Credit card (automatic),71.71,5163.12,BBVA
RET-0540,2026-08-17,Female,0,Yes,No,36,No,No phone service,DSL,Yes,Yes,Yes,No,Yes,No,Month-to-month,No,Credit card (automatic),104.44,3759.84,BBVA
RET-0514,2026-08-17,Male,1,No,Yes,61,Yes,No,Fiber optic,No,No,Yes,Yes,No,Yes,Month-to-month,Yes,Mailed check,76.25,4376.75,BCO BOGOTA
RET-0541,2026-08-24,Male,0,No,No,75,No,No phone service,Fiber optic,Yes,Yes,No,No,Yes,Yes,Two year,No,Electronic check,66.95,5021.25,BBVA
RET-0542,2026-08-24,Female,0,Yes,No,52,No,No phone service,Fiber optic,No,Yes,No,Yes,Yes,Yes,One year,No,Credit card (automatic),79.64,4141.28,Scotiabank
RET-0543,2026-08-24,Female,0,Yes,Yes,46,No,No phone service,Fiber optic,Yes,Yes,Yes,No,Yes,No,One year,No,Mailed check,sin dato,3560.4,Scotiabank
RET-0544,2026-08-24,Female,0,No,Yes,44,No,No phone service,DSL,Yes,No,Yes,No,Yes,Yes,One year,No,Credit card (automatic),91.92,4044.48,BBVA
RET-0545,2026-08-24,Male,0,Yes,No,58,No,No phone service,No,No internet service,No internet service,No internet service,No internet service,No internet service,No internet service,Month-to-month,Yes,Electronic check,95.32,5528.56,Scotiabank
RET-0546,2026-08-24,Female,1,No,No,70,Yes,Yes,No,No internet service,No internet service,No internet service,No internet service,No internet service,No internet service,Month-to-month,Yes,Bank transfer (automatic),74.31,5201.7,BANCOLOMBIA
RET-0547,2026-08-24,Male,1,Yes,Yes,75,No,No phone service,DSL,Yes,No,Yes,Yes,No,Yes,One year,No,Bank transfer (automatic),97.21,7290.75,Banco de Bogota
RET-0548,2026-08-24,Female,0,No,Yes,130,Yes,Yes,DSL,Yes,Yes,No,Yes,No,No,Two year,No,Credit card (automatic),116.83,15187.9,Bancolombia
RET-0549,2026-08-24,Male,0,No,No,52,Yes,Yes,Fiber optic,No,Yes,No,No,Yes,No,Month-to-month,Yes,Credit card (automatic),112.61,5855.72,Davivienda
RET-0550,2026-08-24,Male,1,No,No,75,Yes,Yes,DSL,No,Yes,No,Yes,Yes,Yes,Two year,No,Electronic check,77.93,5844.75,Banco de Bogota
RET-0551,2026-08-24,Female,0,Yes,No,59,Yes,No,DSL,No,Yes,Yes,Yes,Yes,No,Month-to-month,Yes,Mailed check,89.26,5266.34,Banco de Bogota
RET-0552,2026-08-24,Female,0,Yes,No,68,No,No phone service,DSL,No,No,Yes,Yes,No,No,Month-to-month,Yes,Credit card (automatic),139.27,9470.36,Bancolombia
RET-0553,2026-08-24,Male,0,No,Yes,46,No,No phone service,No,No internet service,No internet service,No internet service,No internet service,No internet service,No internet service,Two year,Yes,Bank transfer (automatic),,4923.38,BBVA
RET-0554,2026-08-24,Female,0,Yes,No,52,Yes,Yes,DSL,No,Yes,Yes,Yes,No,Yes,Two year,No,Credit card (automatic),102.39,5324.28,Scotiabank
RET-0555,2026-08-24,Male,0,No,Yes,70,No,No phone service,DSL,Yes,Yes,No,No,No,No,Two year,Yes,Electronic check,121.94,8535.8,Bancolombia
RET-0556,2026-08-24,Female,0,Yes,No,78,Yes,No,Fiber optic,Yes,Yes,No,Yes,No,No,Month-to-month,No,Mailed check,103.55,8076.9,Bancolombia
RET-0557,2026-08-24,Male,0, Yes ,No,58,Yes,Yes,No,No internet service,No internet service,No internet service,No internet service,No internet service,No internet service,Month-to-month,Yes,Credit card (automatic),72.95,4231.1,  BBVA 
RET-0558,2026-08-24,Female,0,Yes,Yes,56,No,No phone service,DSL,Yes,Yes,Yes,Yes,No,No,Month-to-month,No,Electronic check,122.75,6874.0,
RET-0559,2026-08-24,Female,0,Yes,Yes,68,No,No phone service,Fiber optic,No,Yes,Yes,No,Yes,Yes,Month-to-month,Yes,Credit card (automatic),100.84,6857.12,BCO BOGOTA
RET-0560,2026-08-24,Female,0,No,Yes,59,No,No phone service,No,No internet service,No internet service,No internet service,No internet service,No internet service,No internet service,Two year,No,Bank transfer (automatic),75.49,4453.91,BBVA
RET-0561,2026-08-24,Male,1,Yes,Yes,76,Yes,No,Fiber optic,No,No,Yes,Yes,No,No,One year,No,PSE,108.0,8208.0,davivienda
RET-0562,2026-08-24,Female,1,No,No,81,No,No phone service,Fiber optic,No,No,Yes,No,No,No,Month-to-month,No,PSE,75.03,6077.43,Bancolombia
RET-0563,2026-08-24,Male,0,Yes,No,74,No,No phone service,DSL,No,Yes,No,Yes,Yes,No,Month-to-month,Yes,Bank transfer (automatic),87.15,6449.1,Scotiabank
RET-0564,2026-08-24,Female,0,No,No,80,Yes,No,Fiber optic,Yes,Yes,Yes,Yes,No,No,One year,Yes,Bank transfer (automatic),94.09,7527.2,Banco de Bogota
RET-0565,2026-08-24,Male,0,Yes,No,30,No,No phone service,DSL,Yes,Yes,No,No,Yes,Yes,One year,Yes,Credit card (automatic),84.89,2546.7,Banco de Bogota
RET-0566,2026-08-24,Female,0,No, No ,60,Yes,Yes,Fiber optic,No,No,Yes,Yes,No,Yes,One year,Yes,Electronic check,88.89,5333.4,Davivienda
RET-0567,2026-08-24,Female,0,No,No,48,Yes,Yes,No,No internet service,No internet service,No internet service,No internet service,No internet service,No internet service,Two year,Yes,Mailed check,95.84,4600.32,BCO BOGOTA
RET-0568,2026-08-24,Female,0,Yes,Yes,76,Yes,Yes,DSL,No,Yes,Yes,No,Yes,No,Month-to-month,No,Bank transfer (automatic),54.32,4128.32,Davivienda
RET-0569,2026-08-24,Male,0,No,No,69,No,No phone service,Fiber optic,No,No,No,No,Yes,No,One year,Yes,Electronic check,107.6,7424.4,BBVA
RET-0570,2026-08-24,Male,0,No,No,74,No,No phone service,Fiber optic,Yes,Yes,No,Yes,No,Yes,Two year,No,Mailed check,59.72,4419.28,Bancolombia
RET-0571,2026-08-24,Female,0,Yes,Yes,49,Yes,Yes,No,No internet service,No internet service,No internet service,No internet service,No internet service,No internet service,One year,No,Electronic check,88.39,4331.11,Banco de Bogota
RET-0572,2026-08-24,Female,1,Yes,Yes,63,Yes,No,Fiber optic,Yes,Yes,Yes,No,No,No,One year,No,Electronic check,110.86,6984.18,BBVA
RET-0573,2026-08-24,Male,0,No,No,57,Yes,Yes,Fiber optic,No,Yes,Yes,No,No,No,One year,No,Mailed check,108.4,6178.8,Davivienda
RET-0574,2026-08-24,Male,0,No,Yes,69,No,No phone service,DSL,Yes,No,Yes,No,Yes,No,One year,No,Bank transfer (automatic),73.53,5073.57,davivienda
RET-0575,2026-08-24,Male,0,No,No,110,Yes,No,Fiber optic,No,No,Yes,Yes,No,Yes,Two year,Yes,Mailed check,79.12,8703.2,Bancolombia
RET-0576,2026-08-24,Female,0,Yes,Yes,82,Yes,Yes,DSL,Yes,No,No,Yes,No,Yes,Month-to-month,No,Electronic check,129.77,10641.14,Bancolombia
RET-0577,2026-08-24,Female,0,No,No,46,No,No phone service,Fiber optic,Yes,No,Yes,Yes,Yes,Yes,Month-to-month,No,Electronic check,52.55,2417.3,Bancolombia
RET-0578,2026-08-24,Male,0,Yes,No,63,Yes,No,No,No internet service,No internet service,No internet service,No internet service,No internet service,No internet service,Month-to-month,No,Bank transfer (automatic),74.35,4684.05,  BBVA 
RET-0579,2026-08-24,Male,0,No,Yes,73,No,No phone service,DSL,No,No,Yes,No,No,No,Two year,No,Bank transfer (automatic),100.75,7354.75,Scotiabank
RET-0580,2026-08-24,Female,0,Yes,Yes,75,Yes,Yes,No,No internet service,No internet service,No internet service,No internet service,No internet service,No internet service,Month-to-month,Yes,Bank transfer (automatic),111.04,8328.0,BBVA
RET-0581,2026-08-24,Female,0,Yes,Yes,22,Yes,Yes,DSL,Yes,Yes,No,No,No,No,One year,Yes,Mailed check,111.89,2461.58,BBVA
RET-0582,2026-08-24,Male,0,No,Yes,53,No,No phone service,Fiber optic,No,No,Yes,No,Yes,No,Month-to-month,Yes,Corporate billing,126.72,6716.16,Scotiabank
RET-0583,2026-08-24,Male,0,No,No,57,Yes,No,DSL,Yes,Yes,Yes,Yes,No,Yes,Month-to-month,Yes,Electronic check,78.3,4463.1,Banco de Bogota
RET-0584,2026-08-24,Male,0,No,No,61,No,No phone service,Fiber optic,Yes,No,No,Yes,Yes,Yes,One year,No,PSE,111.36,6792.96,Davivienda
RET-0585,2026-08-24,Male,0,Yes,No,51,Yes,Yes,No,No internet service,No internet service,No internet service,No internet service,No internet service,No internet service,Month-to-month,No,Bank transfer (automatic),50.77,2589.27,Banco de Bogota
RET-0586,2026-08-24,Female,0,No,Yes,77,No,No phone service,No,No internet service,No internet service,No internet service,No internet service,No internet service,No internet service,One year,Yes,Mailed check,71.55,5509.35,Bancolombia
RET-0587,2026-08-24,Female,1,No,No,55,No,No phone service,DSL,Yes,Yes,Yes,Yes,No,Yes,One year,No,Mailed check,116.43,6403.65,BANCOLOMBIA
RET-0588,2026-08-24,Female,0,No,Yes,50,Yes,No,No,No internet service,No internet service,No internet service,No internet service,No internet service,No internet service,One year,No,Bank transfer (automatic),103.83,5191.5,Banco de Bogota
RET-0589,2026-08-24,Female,0,Yes,Yes,37,No,No phone service,Fiber optic,No,Yes,No,No,No,Yes,Two year,Yes,Credit card (automatic),104.57,3869.09,007
RET-0590,2026-08-24,Female,0,No,No,60,No,No phone service,Fiber optic,Yes,No,Yes,No,No,Yes,One year,No,Bank transfer (automatic),72.52,4351.2,Banco de Bogota
RET-0591,2026-08-24,Female,0,Yes,Yes,77,No,No phone service,No,No internet service,No internet service,No internet service,No internet service,No internet service,No internet service,Month-to-month,No,Credit card (automatic),62.67,4825.59,Scotiabank
RET-0592,2026-08-24,Male,1,Yes,Yes,49,No,No phone service,No,No internet service,No internet service,No internet service,No internet service,No internet service,No internet service,Two year,Yes,Credit card (automatic),126.15,6181.35,BBVA
RET-0593,2026-08-24,Male,0,No,Yes,56,Yes,Yes,DSL,Yes,Yes,Yes,Yes,Yes,Yes,Two year,Yes,Corporate billing,126.88,7105.28,Scotiabank
RET-0594,2026-08-24,Female,0,No,No,52,No,No phone service,Fiber optic,Yes,No,No,Yes,Yes,No,Two year,Yes,Mailed check,104.21,5418.92,BBVA
RET-0595,2026-08-24,Male,0,Yes,Yes,60,Yes,No,DSL,No,No,No,Yes,No,Yes,Month-to-month,No,Electronic check,113.0,6780.0,BBVA
RET-0596,2026-08-24,Male,0,No,Yes,61,No,No phone service,No,No internet service,No internet service,No internet service,No internet service,No internet service,No internet service,One year,Yes,Credit card (automatic),127.84,7798.24,Davivienda
RET-0597,2026-08-24,Male,1,No,No,51,No,No phone service,DSL,Yes,No,No,No,No,Yes,Two year,No,Mailed check,125.63,6407.13,Banco de Bogota
RET-0598,2026-08-24,Female,0,Yes,Yes,81,Yes,Yes,Fiber optic,Yes,Yes,Yes,No,No,Yes,Two year,Yes,Bank transfer (automatic),52.46,4249.26,Scotiabank
RET-0599,2026-08-24,Male,0,Yes,Yes,61,Yes,No,Fiber optic,Yes,Yes,Yes,No,Yes,No,Month-to-month,Yes,Electronic check,53.65,3272.65,Bancolombia
RET-0600,2026-08-24,Male,0,Yes,Yes,65,No,No phone service,No,No internet service,No internet service,No internet service,No internet service,No internet service,No internet service,Two year,No,Credit card (manual),71.74,4663.1,Bancolombia
RET-0601,2026-08-24,Female,1,Yes,Yes,62,No,No phone service,No,No internet service,No internet service,No internet service,No internet service,No internet service,No internet service,One year,No,Electronic check,114.58,7103.96,BBVA
RET-0602,2026-08-24,Male,0,Yes,No,62,Yes,No,DSL,Yes,Yes,Yes,Yes,Yes,Yes,Month-to-month,No,Mailed check,88.22,5469.64,BBVA
RET-0603,2026-08-24,Female,1,No,No,80,No,No phone service,DSL,No,No,No,Yes,Yes,Yes,Two year,Yes,Credit card (automatic),109.07,8725.6,Scotiabank
RET-0604,2026-08-24,Female,1,No,Yes,52,Yes,Yes,No,No internet service,No internet service,No internet service,No internet service,No internet service,No internet service,Month-to-month,Yes,Mailed check,105.25,5473.0,Banco de Bogota
RET-0605,2026-08-24,Male,1,Yes,Yes,34,No,No phone service,DSL,Yes,Yes,Yes,No,No,Yes,Two year,Yes,Electronic check,114.24,3884.16,Scotiabank
RET-0606,2026-08-24,Male,0,No,Yes,65,Yes,Yes,Fiber optic,No,No,No,Yes,No,Yes,Two year,No,Credit card (automatic),78.29,5088.85,Banco de Bogota
RET-0607,2026-08-24,Female,0,No,Yes,132,No,No phone service,Fiber optic,No,Yes,Yes,No,Yes,Yes,Two year,No,Digital wallet,122.81,16210.92,Davivienda
RET-0608,2026-08-24,Male,1,No,No,105,Yes,Yes,No,No internet service,No internet service,No internet service,No internet service,No internet service,No internet service,Month-to-month,No,Credit card (automatic),129.72,13620.6,
RET-0609,2026-08-24,Female,0,No,Yes,83,No,No phone service,No,No internet service,No internet service,No internet service,No internet service,No internet service,No internet service,Two year,Yes,Digital wallet,54.96,4561.68,Banco de Bogota
RET-0610,2026-08-24,Male,1,Yes,Yes,29,No,No phone service,DSL,No,No,Yes,No,No,Yes,One year,No,Electronic check,77.48,2246.92,Scotiabank
RET-0611,2026-08-24,Male,0,No,Yes,57,No,No phone service,Fiber optic,Yes,Yes,No,Yes,No,Yes,Two year,Yes,Credit card (automatic),105.32,6003.24,Davivienda
RET-0612,2026-08-24,Female,0,Yes,No,33,Yes,No,No,No internet service,No internet service,No internet service,No internet service,No internet service,No internet service,Two year,Yes,Electronic check,84.16,2777.28,BCO BOGOTA
RET-0613,2026-08-24,Male,0,No,Yes,117,No,No phone service,DSL,Yes,Yes,Yes,Yes,Yes,No,One year,No,Bank transfer (automatic),113.55,13285.35,Banco de Bogota
RET-0614,2026-08-24,Male,0,No,No,37,No,No phone service,DSL,Yes,Yes,Yes,Yes,No,No,Month-to-month,No,PayPal,99.29,3673.73,Scotiabank
RET-0615,2026-08-24,Female,1,No,Yes,57,No,No phone service,No,No internet service,No internet service,No internet service,No internet service,No internet service,No internet service,Two year,Yes,Electronic check,64.73,3689.61,Banco de Bogota
RET-0616,2026-08-24,Female,0,Yes,Yes,52,Yes,Yes,DSL,Yes,No,Yes,No,No,Yes,One year,Yes,Electronic check,99.92,5195.84,Banco de Bogota
RET-0617,2026-08-24,Female,0,Yes,No,52,No,No phone service,DSL,Yes,No,Yes,No,Yes,Yes,Month-to-month,No,Mailed check,86.15,4479.8,
RET-0618,2026-08-24,Female,1,Yes,No,69,Yes,No,No,No internet service,No internet service,No internet service,No internet service,No internet service,No internet service,Month-to-month,Yes,Bank transfer (automatic),148.0,10212.0,Davivienda
RET-0619,2026-08-24,Female,0,No,Yes,50,Yes,No,No,No internet service,No internet service,No internet service,No internet service,No internet service,No internet service,Two year,No,Electronic check,120.14,6007.0,Bancolombia S.A.
RET-0620,2026-08-24,Male,0,Yes,No,107,Yes,Yes,Fiber optic,No,Yes,Yes,No,Yes,Yes,Two year,No,Credit card (automatic),119.8,12818.6,Davivienda
RET-0621,2026-08-24,Female,0,Yes,No,62,No,No phone service,Fiber optic,Yes,Yes,No,No,Yes,Yes,One year,No,Credit card (automatic),89.4,5542.8,Banco de Bogota
RET-0622,2026-08-24,Female,0,No,No,66,Yes,No,Fiber optic,No,No,No,Yes,No,Yes,One year,No,Electronic check,121.13,7994.58,Scotiabank
RET-0623,2026-08-24,Female,0,Yes,No,75,No,No phone service,No,No internet service,No internet service,No internet service,No internet service,No internet service,No internet service,Month-to-month,No,Electronic check,114.12,8559.0,Scotiabank
RET-0624,2026-08-24,Female,0,Yes,Yes,68,No,No phone service,No,No internet service,No internet service,No internet service,No internet service,No internet service,No internet service,Month-to-month,No,Bank transfer (automatic),90.4,6147.2,Bancolombia
RET-0625,2026-08-24,Male,1,No,No,48,Yes,No,DSL,No,Yes,No,Yes,Yes,Yes,Month-to-month,No,Corporate billing,97.03,4657.44,Davivienda
RET-0626,2026-08-24,Female,0,Yes,No,66,Yes,No,No,No internet service,No internet service,No internet service,No internet service,No internet service,No internet service,Month-to-month,No,Electronic check,100.98,6664.68,BBVA
RET-0627,2026-08-24,Female,0,Yes,Yes,79,Yes,No,Fiber optic,Yes,No,Yes,Yes,No,No,Month-to-month,Yes,Bank transfer (automatic),86.12,6803.48,davivienda
RET-0628,2026-08-24,Female,0,No,Yes,76,Yes,Yes,Fiber optic,No,No,No,No,No,Yes,Two year,Yes,Bank transfer (automatic),99.87,7590.12,
RET-0629,2026-08-24,Female,0,Yes,Yes,54,No,No phone service,No,No internet service,No internet service,No internet service,No internet service,No internet service,No internet service,Two year,No,Mailed check,64.19,3466.26,Davivienda
RET-0630,2026-08-24,Male,0,No,No,80,Yes,Yes,DSL,No,Yes,Yes,Yes,Yes,No,One year,No,Credit card (automatic),108.36,8668.8,Banco de Bogota
RET-0555,2026-08-24,Male,0,No,Yes,70,No,No phone service,DSL,Yes,Yes,No,No,No,No,Two year,Yes,Electronic check,126.44,8535.8,Bancolombia
RET-0631,2026-08-31,Male,0,Yes,No,59,No,No phone service,No,No internet service,No internet service,No internet service,No internet service,No internet service,No internet service,Month-to-month,Yes,Credit card (automatic),114.76,6770.84,  BBVA 
RET-0632,2026-08-31,Male,1,Yes,Yes,74,No,No phone service,DSL,Yes,Yes,Yes,Yes,Yes,Yes,Month-to-month,Yes,Electronic check,112.71,8340.54,BBVA
RET-0633,2026-08-31,Female,0,No,Yes,78,Yes,Yes,DSL,No,No,Yes,Yes,No,No,Two year,Yes,Corporate billing,,9040.2,davivienda
RET-0634,2026-08-31,Male,0,Yes,Yes,88,Yes,Yes,No,No internet service,No internet service,No internet service,No internet service,No internet service,No internet service,One year,Yes,Credit card (automatic),98.78,8692.64,Bancolombia S.A.
RET-0635,2026-08-31,Male,1,No,Yes,64,No,No phone service,DSL,Yes,No,Yes,Yes,Yes,No,Two year,No,PSE,93.81,6003.84,Banco de Bogota
RET-0636,2026-08-31,Female,0,No,Yes,102,No,No phone service,DSL,No,Yes,No,No,Yes,No,Month-to-month,No,Bank transfer (automatic),114.76,11705.52,Banco de Bogota
RET-0637,2026-08-31,Male,0,Yes,Yes,69,No,No phone service,No,No internet service,No internet service,No internet service,No internet service,No internet service,No internet service,Month-to-month,No,Electronic check,64.2,4429.8,Davivienda
RET-0638,2026-08-31,Female,0,Yes,Yes,70,Yes,No,No,No internet service,No internet service,No internet service,No internet service,No internet service,No internet service,Month-to-month,Yes,PayPal,121.99,8539.3,Bancolombia S.A.
RET-0639,2026-08-31,Female,0,Yes,Yes,77,Yes,No,DSL,Yes,Yes,Yes,Yes,Yes,Yes,Two year,No,Digital wallet,108.86,8382.22,  BBVA 
RET-0640,2026-08-31,Male,1,No,Yes,70,No,No phone service,DSL,No,Yes,No,Yes,No,No,One year,Yes,Credit card (automatic),124.1,8687.0,  BBVA 
RET-0641,2026-08-31,Female,1,No,Yes,70,Yes,Yes,DSL,Yes,No,Yes,Yes,Yes,No,Month-to-month,Yes,Digital wallet,125.06,8754.2,BBVA
RET-0642,2026-08-31,Male,0,Yes,No,86,No,No phone service,No,No internet service,No internet service,No internet service,No internet service,No internet service,No internet service,One year,Yes,Bank transfer (automatic),100.67,8657.62,Scotiabank
RET-0643,2026-08-31,Male,0,No,No,65,No,No phone service,DSL,No,No,Yes,No,Yes,Yes,Two year,No,Electronic check,121.69,7909.85,Davivienda
RET-0644,2026-08-31,Male,0,No,No,62,No,No phone service,DSL,No,No,No,Yes,Yes,Yes,One year,Yes,Credit card (automatic),114.84,7120.08,bancolombia
RET-0645,2026-08-31,Male,1,No,Yes,86,No,No phone service,No,No internet service,No internet service,No internet service,No internet service,No internet service,No internet service,One year,No,Electronic check,79.77,6860.22,BBVA
RET-0646,2026-08-31,Male,0,No,No,65,Yes,No,No,No internet service,No internet service,No internet service,No internet service,No internet service,No internet service,Two year,No,Electronic check,134.23,8724.95,Bancolombia S.A.
RET-0647,2026-08-31,Female,0,No,Yes,,No,No phone service,Fiber optic,Yes,Yes,No,Yes,No,Yes,Two year,Yes,Bank transfer (automatic),115.68,7634.88,Bancolombia
RET-0648,2026-08-31,Male,0,Yes,No,65,No,No phone service,No,No internet service,No internet service,No internet service,No internet service,No internet service,No internet service,One year,No,Mailed check,117.19,7617.35,Banco de Bogota
RET-0649,2026-08-31,Female,1,Yes,Yes,64,No,No phone service,DSL,No,No,No,Yes,No,No,Two year,No,PayPal,126.35,8086.4,Banco de Bogota
RET-0650,2026-08-31,Male,0,Yes,Yes,67,Yes,No,Fiber optic,Yes,Yes,No,No,No,Yes,One year,Yes,Electronic check,123.33,8263.11,Bancolombia
RET-0651,2026-08-31,Male,0,No,Yes,73,Yes,Yes,No,No internet service,No internet service,No internet service,No internet service,No internet service,No internet service,Month-to-month,No,PSE,128.66,9392.18,Bancolombia S.A.
RET-0652,2026-08-31,Male,0,No,Yes,73,Yes,Yes,No,No internet service,No internet service,No internet service,No internet service,No internet service,No internet service,One year,No,Digital wallet,110.38,8057.74,Davivienda
RET-0653,2026-08-31,Female,0,Yes,Yes,69,Yes,Yes,No,No internet service,No internet service,No internet service,No internet service,No internet service,No internet service,Month-to-month,No,Credit card (automatic),99.86,,Davivienda
RET-0654,2026-08-31,Female,1,Yes,Yes,51,Yes,Yes,No,No internet service,No internet service,No internet service,No internet service,No internet service,No internet service,Month-to-month,Yes,Mailed check,,5228.52,BBVA
RET-0655,2026-08-31,Female,0,No,Yes,74,Yes,Yes,DSL,Yes,Yes,No,No,Yes,Yes,Month-to-month,Yes,Credit card (manual),122.94,9097.56,BBVA
RET-0656,2026-08-31,Female,0,Yes,Yes,112,Yes,Yes,DSL,No,Yes,Yes,No,No,Yes,Two year,No,Credit card (automatic),95.32,10675.84,BANCOLOMBIA
RET-0657,2026-08-31,Female,1,No,Yes,71,No,No phone service,DSL,Yes,No,Yes,Yes,Yes,Yes,Month-to-month,No,Mailed check,128.91,9152.61,BCO BOGOTA
RET-0658,2026-08-31,Female,0,No,Yes,109,Yes,No,Fiber optic,No,No,No,Yes,Yes,No,Month-to-month,No,PayPal,119.39,13013.51,
RET-0659,2026-08-31,Male,0,No,Yes,84,Yes,Yes,DSL,No,No,Yes,Yes,No,No,Two year,Yes,Mailed check,117.08,9834.72,Bancolombia
RET-0660,2026-08-31,Female,0,Yes,Yes,66,Yes,Yes,No,No internet service,No internet service,No internet service,No internet service,No internet service,No internet service,Two year,Yes,Credit card (automatic),120.13,7928.58,Davivienda
RET-0661,2026-08-31,Female,1,Yes,No,100,Yes,No,Fiber optic,Yes,Yes,No,Yes,Yes,Yes,Two year,No,Corporate billing,92.15,9215.0,BCO BOGOTA
RET-0662,2026-08-31,Female,1,No,Yes,75,Yes,Yes,DSL,Yes,No,Yes,Yes,No,No,Two year,No,Credit card (automatic),123.25,9243.75,007
RET-0663,2026-08-31,Male,1,No,Yes,73,No,No phone service,Fiber optic,Yes,Yes,Yes,No,Yes,Yes,Month-to-month,No,PayPal,121.1,8840.3,Banco de Bogota
RET-0664,2026-08-31,Male,1,Yes,Yes,103,Yes,Yes,No,No internet service,No internet service,No internet service,No internet service,No internet service,No internet service,Month-to-month,No,Credit card (automatic),115.22,,BANCOLOMBIA
RET-0665,2026-08-31,Female,0,Yes,Yes,132,Yes,Yes,DSL,Yes,No,No,Yes,No,Yes,Month-to-month,Yes,Bank transfer (automatic),117.47,15506.04,Banco de Bogota
RET-0666,2026-08-31,Female,0,No,No,75,No,No phone service,DSL,No,No,No,Yes,No,No,Month-to-month,No,Bank transfer (automatic),134.59,10094.25,Banco de Bogota
RET-0667,2026-08-31,Female,0,Yes,Yes,120,Yes,Yes,Fiber optic,Yes,No,No,Yes,No,No,Month-to-month,Yes,Corporate billing,83.8,10056.0,Bancolombia
RET-0668,2026-08-31,Female,0,Yes,Yes,76,Yes,No,No,No internet service,No internet service,No internet service,No internet service,No internet service,No internet service,Two year,Yes,Electronic check,85.35,6486.6,Bancolombia
RET-0669,2026-08-31,Male,0,No,No,65,No,No phone service,Fiber optic,No,No,Yes,Yes,No,Yes,Two year,No,Bank transfer (automatic),107.05,6958.25,Banco de Bogota
RET-0670,2026-08-31,Female,1,Yes,No,80,Yes,Yes,Fiber optic,No,Yes,No,No,Yes,Yes,One year,No,Credit card (automatic),116.92,9353.6,BBVA
RET-0671,2026-08-31,Male,0,Yes,No,113,Yes,No,Fiber optic,No,No,No,No,Yes,No,One year,No,Electronic check,111.59,12609.67,BANCOLOMBIA
RET-0672,2026-08-31,Female,0,Yes,No,87,Yes,No,No,No internet service,No internet service,No internet service,No internet service,No internet service,No internet service,Two year,No,Electronic check,118.67,10324.29,Bancolombia
RET-0673,2026-08-31,Female,0,Yes,Yes,-,No,No phone service,DSL,No,No,No,No,Yes,Yes,Month-to-month,No,Credit card (automatic),66.81,5144.37,Davivienda
RET-0674,2026-08-31,Female,0,Yes,No,105,Yes,No,DSL,Yes,No,Yes,No,Yes,No,One year,No,Bank transfer (automatic),87.03,9138.15,Bancolombia
RET-0675,2026-08-31,Male,1,Yes,No,70,No,No phone service,Fiber optic,Yes,Yes,Yes,No,Yes,No,One year,Yes,Bank transfer (automatic),108.05,7563.5,Davivienda
RET-0676,2026-08-31,Male,0,Yes,Yes,91,No,No phone service,No,No internet service,No internet service,No internet service,No internet service,No internet service,No internet service,Month-to-month,No,PayPal,95.97,,Davivienda
RET-0677,2026-08-31,Male,0,Yes,Yes,117,Yes,No,No,No internet service,No internet service,No internet service,No internet service,No internet service,No internet service,Month-to-month,Yes,Credit card (automatic),66.03,7725.51,Scotiabank
RET-0678,2026-08-31,Male,0,Yes,No,104,No,No phone service,Fiber optic,No,Yes,Yes,No,Yes,Yes,Two year,Yes,Bank transfer (automatic),125.79,13082.16,Bancolombia
RET-0679,2026-08-31,Male,0,Yes,No,66,No,No phone service,Fiber optic,Yes,Yes,Yes,Yes,No,No,Month-to-month,No,Electronic check,115.43,7618.38,Scotiabank
RET-0680,2026-08-31,Female,0,No,No,73,No,No phone service,No,No internet service,No internet service,No internet service,No internet service,No internet service,No internet service,Two year,No,Bank transfer (automatic),105.91,7731.43,BBVA
RET-0681,2026-08-31,Female,0,No,Yes,71,Yes,Yes,No,No internet service,No internet service,No internet service,No internet service,No internet service,No internet service,Two year,No,Mailed check,63.02,4474.42,BBVA
RET-0682,2026-08-31,Male,0,No,Yes,64,Yes,Yes,Fiber optic,Yes,No,No,No,No,No,Two year,No,Credit card (automatic),127.52,8161.28,BBVA
RET-0683,2026-08-31,Female,0,Yes,Yes,71,Yes,Yes,Fiber optic,No,No,Yes,No,Yes,No,One year,No,Electronic check,79.33,5632.43,Bancolombia
RET-0684,2026-08-31,Male,0,No,Yes,60,No,No phone service,Fiber optic,No,No,Yes,No,Yes,No,Month-to-month,Yes,Credit card (automatic),120.23,7213.8,BCO BOGOTA
RET-0685,2026-08-31,Female,0,No,Yes,123,No,No phone service,No,No internet service,No internet service,No internet service,No internet service,No internet service,No internet service,One year,No,Credit card (manual),109.82,13507.86,Bancolombia
RET-0686,2026-08-31,Male,0,Yes,Yes,68,No,No phone service,Fiber optic,Yes,No,Yes,Yes,No,Yes,One year,No,Electronic check,126.19,8580.92,BBVA
RET-0687,2026-08-31,Male,0,No,No,103,Yes,No,Fiber optic,Yes,No,Yes,No,No,No,Two year,Yes,Bank transfer (automatic),115.18,11863.54,  BBVA 
RET-0688,2026-08-31,Male,0,No,No,75,No,No phone service,DSL,No,Yes,No,No,Yes,No,Month-to-month,Yes,Bank transfer (automatic),112.63,8447.25,Scotiabank
RET-0689,2026-08-31,Male,1,Yes,Yes,81,Yes,No,Fiber optic,No,No,Yes,No,No,Yes,Month-to-month,Yes,Electronic check,84.75,6864.75,Scotiabank
RET-0690,2026-08-31,Female,1,Yes,Yes,66,No,No phone service,No,No internet service,No internet service,No internet service,No internet service,No internet service,No internet service,One year,No,PSE,79.09,5219.94,BBVA
RET-0691,2026-08-31,Male,0,No,Yes,70,Yes,No,Fiber optic,Yes,No,No,Yes,No,Yes,Two year,No,Credit card (automatic),128.57,8999.9,Scotiabank
RET-0692,2026-08-31,Male,0,Yes,No,68,Yes,No,No,No internet service,No internet service,No internet service,No internet service,No internet service,No internet service,Two year,No,Mailed check,122.72,8344.96,BBVA
RET-0693,2026-08-31,Female,0,No,No,67,Yes,Yes,DSL,No,Yes,No,Yes,Yes,Yes,Month-to-month,No,Electronic check,119.57,8011.19,BBVA
RET-0694,2026-08-31,Female,0,Yes,No,71,No,No phone service,No,No internet service,No internet service,No internet service,No internet service,No internet service,No internet service,Month-to-month,Yes,PayPal,123.89,8796.19,davivienda
RET-0695,2026-08-31,Male,1,Yes,No,76,No,No phone service,Fiber optic,Yes,Yes,Yes,Yes,Yes,No,One year,Yes,Bank transfer (automatic),129.49,9841.24,davivienda
RET-0645,2026-08-31,Male,1,No,Yes,86,No,No phone service,No,No internet service,No internet service,No internet service,No internet service,No internet service,No internet service,One year,No,Electronic check,84.27,6860.22,BBVA
